sample_id,chamfer_distance,f1_tau,f1_2tau,precision_tau,recall_tau
03636649_ec01e8b79f2d07df784a45ea6efa1d77_00.dat,0.00012081,69.8856,81.7523,79.0349,62.6348
02958343_e4d1edc4cda4a6445fb81d6394b59c19_00.dat,0.00000136,62.6631,76.8911,61.5572,63.8094
03691459_f57b269b91e369f07b646fca2237eb6_00.dat,0.00014741,51.5151,74.3907,43.6740,62.7878
02691156_f8038d33c212f81fe99ea3c41458bc01_00.dat,-0.00000779,64.1902,76.9006,65.0041,63.3965
03001627_ea62254f0a5650579a8ef44e1d2c5b75_00.dat,0.00048184,24.4248,43.9728,15.2068,62.0193
02958343_f45022f442368e60c038d3a33427a80e_00.dat,-0.00000137,61.7860,75.8901,61.5166,62.0577
02958343_fb7abd30eb601f85becf71e2e014ff6f_00.dat,0.00009850,62.8669,84.0637,63.5442,62.2039
02958343_d2c06ff9c02457e0627014ff98c41eb1_00.dat,0.00017187,49.4615,74.9517,40.8759,62.6127
04379243_e0caa2e794d98c814c9587cb3f654544_00.dat,0.00007551,67.5284,81.4490,75.6285,60.9955
04379243_e3aa92f57f96a50c4ac1ecd2766586e1_00.dat,0.00032053,27.5099,52.5799,17.5588,63.4934
02691156_e761cf88524cf8f24c3a35cee92bb95b_00.dat,0.00004071,73.9692,84.8337,91.1192,62.2523
03001627_e118a2870622acaf65ba78ad9601cf1b_00.dat,0.00043383,52.2365,67.1396,44.4850,63.2595
03636649_edd398530cff676282bfcd34215ccfc7_00.dat,0.00006832,66.6679,77.9598,67.3155,66.0326
03001627_d49ce87d43cf4c8f1679065e1c457f94_00.dat,0.00007637,67.4091,83.9386,71.7762,63.5429
03001627_f1c6c74053fe8888c5f49519e3caf51_00.dat,0.00027003,34.8316,59.2957,24.3309,61.2776
03636649_f01358d4f45cae23ce670f026edf07e5_00.dat,0.00017038,69.2287,79.2883,69.0187,69.4401
03691459_f663176a43096b35a43ada367b02a4fb_00.dat,0.00014126,58.0694,79.3753,53.8929,62.9476
04379243_dd197fdad7f339cbe8b31d97326b3fa0_00.dat,0.00008960,59.3036,74.6384,57.4209,61.3139
03636649_d5815f747626cadef912acc8c54e7fc1_00.dat,0.00023168,46.6817,69.0136,36.2530,65.5331
02958343_d0e68e14e8012b497d6d702dc488f23a_00.dat,-0.00000002,60.9216,74.4036,60.5839,61.2631
03636649_f7c52d5d91e5ffbfbf82a0d508a096d3_00.dat,0.00032712,37.1955,58.7747,26.5612,62.0307
04379243_f9f9d2fda27c310b266b42a2f1bdd7cf_00.dat,0.00015796,54.5724,73.3468,49.3512,61.0292
02958343_f4ff99565a93404b775cb3ac197f5bcd_00.dat,0.00015371,49.9289,75.0107,41.6869,62.2330
03691459_dafd6b7408e43ae5ec3b2e05ce8fd39b_00.dat,0.00044996,19.4677,41.5886,11.5572,61.6975
03001627_ccabe6ab0816614dde03ab2a27ba7531_00.dat,0.00012925,61.6119,79.2943,57.1371,66.8472
03636649_fe4ca0ab385784d8df6cfab91d65bb91_00.dat,0.00009012,68.8939,82.4525,73.0333,65.1986
04379243_ed9dc0937009dc031311158f08f2982a_00.dat,0.00001856,69.2189,80.6463,78.5077,61.8955
02691156_fbe788465e564e46bc0909d98a1ff2b4_00.dat,0.00000807,64.8650,76.5603,64.4769,65.2578
02958343_eb40501934995e1a6560c47a91b4db1_00.dat,-0.00000426,61.0689,75.0244,61.0706,61.0673
02958343_f6bbb767b1b75ab0c9d22fcb1abe82ed_00.dat,0.00013453,55.2099,77.6881,50.0406,61.5702
03691459_da9317e5776ed22b732bda87f2718525_00.dat,0.00000196,61.9017,74.1543,61.4761,62.3333
04379243_d7d732d0ad7537eb610c2a68437007d6_00.dat,0.00029701,32.9316,56.4244,22.5872,60.7570
03691459_f0f9a2082454542751dfe6844b6e8393_00.dat,0.00028375,33.1746,58.7370,22.1817,65.7685
02691156_f25ffb9cf92236fb9671f5163e7f6535_00.dat,0.00038777,56.8439,74.3025,59.6918,54.2553
04379243_fdd8dae63e8781414a803c33df86f3bd_00.dat,0.00000099,61.4072,73.7416,61.1922,61.6237
04379243_d1457e572ef95ddbd2096b2fa6f98cc7_00.dat,0.00020324,46.6649,70.6082,37.4696,61.8413
03636649_e7e45a8f0b0ab311c754474f0ac106_00.dat,0.00007172,92.3556,98.2312,98.9051,86.6197
02958343_e8c48b9ed916910ec800bf2938639a70_00.dat,-0.00000595,62.3538,77.9677,61.5166,63.2140
04379243_cd82d526e58e3e7f4fb85ea6fd426098_00.dat,0.00028544,41.1843,61.6983,30.6975,62.5540
04379243_eb31e5efeb810c5280d6227ff9b21190_00.dat,0.00000283,61.5303,73.9748,60.5434,62.5499
04379243_de500885a5cda50f99284d844aba7576_00.dat,0.00013803,61.0297,77.9414,60.3001,61.7771
03636649_e65eb892b1d1730e52470de2774d6099_00.dat,0.00006825,70.7955,84.9253,78.1833,64.6833
03001627_fc07472e4dd1b6698ae97f14e63e7e01_00.dat,0.00022029,59.8761,72.8087,56.0016,64.3265
03001627_d712f92ffb883fe6fbe6ed8d24e16d28_00.dat,0.00013736,54.5032,76.6489,48.1346,62.8141
02691156_fcc94cf74fb886b7bbf3143b1cb6076a_00.dat,0.00006501,73.8332,84.6329,87.1857,64.0274
03636649_e11d2e065d90200c7543d7dbfecfffbe_00.dat,0.00018948,69.1154,84.7681,89.6999,56.2151
02691156_d37781e47470fa3d664a56105f5816ce_00.dat,0.00017915,58.3916,75.7330,53.4063,64.4033
03001627_e545ff0d2058b382c3bd24f986301745_00.dat,0.00068648,38.7715,62.4008,27.6561,64.8259
04379243_e9fd9958920adc279943cffe175cad01_00.dat,0.00019312,42.9002,67.7470,32.8467,61.8225
03636649_ddc2d39dac6e84506c5b8009db95f66f_00.dat,0.00005844,75.6014,86.6129,87.7940,66.3823
04379243_d78d509ada047f34e1a714ee619465a_00.dat,0.00058209,32.3124,56.6689,21.3706,66.2136
03691459_cfc38353ff8392e73a7dda43d8d95517_00.dat,0.00012715,60.4992,79.0861,58.3536,62.8085
02958343_cd3db50308c852a02630fc4a206fe3d7_00.dat,0.00012714,55.9079,79.5600,50.8110,62.1414
02958343_cea62d812396c31a88ed7b6315c3b4a_00.dat,0.00023452,39.5119,64.1872,28.9132,62.3776
03001627_e821fb5eb1e21368c341afa383659322_00.dat,0.00026803,38.2293,62.7046,27.2506,64.0229
04379243_d4a3c7e26b4a6eef30bbd4cddd04c77b_00.dat,0.00014975,53.5489,75.6000,47.5669,61.2520
02691156_fdb107ea7a600f5fe3f3aec01b086ba_00.dat,0.00013463,79.5428,93.6386,87.9562,72.5984
04379243_d187561a6b0cbd0acaed5ce7390f30b7_00.dat,-3.96874332,100.0000,100.0000,100.0000,100.0000
02691156_e521828113e1e0c45e28caa3b26a73fd_00.dat,0.00004378,74.5219,86.3288,87.9968,64.6259
03001627_f8bf45e20bec7cbc9cf3f05539f5c4e3_00.dat,0.00044062,24.1448,44.8398,14.5985,69.7663
02958343_e59a94eb802be5fdc4dfe1cdb8eea44e_00.dat,0.00015543,63.4602,81.1119,63.0981,63.8265
03691459_f2bb5c899ac2de670eb1591edd539b_00.dat,0.00013340,54.0618,76.9515,47.6480,62.4709
03001627_cd5007a237ffde592b5bf1f191733d75_00.dat,0.00006026,71.9682,85.4787,81.4680,64.4525
03001627_da6cbcac794d377df9111ef49c078dbe_00.dat,-0.00001866,68.2585,81.5137,64.2741,72.7695
02691156_f55390ed02c0b2b36aa3bf023a2b42a5_00.dat,0.00008755,90.1212,97.5720,96.9181,84.2152
03001627_f5fdaff0ac02f106e8f8c11a24c52ebb_00.dat,0.00004535,60.2768,72.8254,58.5969,62.0559
03691459_cfdd69078d7752298b54295fac36ff1b_00.dat,-0.00000359,66.1708,83.4612,66.5450,65.8009
04379243_e8502118aeed3381d5b708f09789d978_00.dat,0.00019077,45.1187,69.8063,35.2798,62.5677
03001627_ce2acc9d7aea91a0988fec2229ccf13f_00.dat,0.00000280,63.8320,81.6425,63.5036,64.1639
03636649_ea02a7933158caecfcb8d8c6d4df8143_00.dat,0.00017428,72.3908,87.0083,86.2936,62.3461
03691459_ff4bc6c329ec7bf8a0eebc16d3afb516_00.dat,0.00144642,13.6892,26.4638,7.7048,61.3099
02691156_d59bb0ad79371634f3d7c71ae132007d_00.dat,0.00011652,62.5203,79.8537,62.3277,62.7141
04379243_e263fafc76ddb82b4cc80585c0d3d970_00.dat,-0.00000120,60.7031,71.4330,60.3812,61.0284
04379243_f41198b81216f36ff155d75bbf62b80_00.dat,0.00026439,42.8988,67.0840,31.9951,65.0760
03691459_fa2cf860e277919a7445d25f394949d0_00.dat,0.00001186,64.5730,79.9380,60.2595,69.5517
02958343_db41ab1176360b20314b3b3dfd6337f4_00.dat,0.00014921,49.0979,74.0761,40.9165,61.3688
03691459_fb6bb656468452fb22d1a40e420084a6_00.dat,0.00045504,45.6090,67.9578,35.7664,62.9254
03001627_e078876957aa6efbb0b0d46323bc2ae0_00.dat,0.00019668,47.6743,69.3275,39.1727,60.8889
03001627_e6b822bea1d5a5a9f7b783634bf3f92f_00.dat,0.00021960,56.1536,79.6598,43.0657,80.6696
02691156_dae96d5eb7dd6fcd2863c6a2c8157d17_00.dat,-0.00000280,63.4028,76.0118,62.6521,64.1718
03636649_d2d76338428129f62ffd6bbc7610ab0_00.dat,0.00060357,40.9218,57.4374,29.7648,65.4578
03001627_cfd2b4a2c8398220731d11154716a6b8_00.dat,0.00025668,39.5899,62.8240,29.1971,61.4708
03636649_d12558a4b1dec5ab37b2bb75885cfc44_00.dat,0.00045881,50.9541,69.9024,84.0633,36.5561
03636649_dba95c4ca95048982d9c07d3b9171829_00.dat,0.00017487,51.4242,72.8421,43.7551,62.3532
02958343_cc5dd71ba849ad26d7755e7baabe8a6f_00.dat,0.00023003,42.3303,66.7976,32.1979,61.7681
02958343_e14338cbdf53c0ae3a0daf3e5400b95c_00.dat,-0.00000036,62.6265,75.9562,63.4631,61.8117
03636649_d59202f9d1504c8cc65f1ed6a348c8a9_00.dat,0.00001244,66.5078,79.5188,68.9781,64.2082
02691156_f9d30b24d9651ee476c772fd813166d_00.dat,0.00005669,96.2448,99.0827,96.5126,95.9786
02958343_ebbbc8673928ad37308fb27494afe372_00.dat,-3.18905163,100.0000,100.0000,100.0000,100.0000
04379243_ff58a52586bb1f692c95f6d76cb3094c_00.dat,-0.00000218,61.1764,73.2002,61.8410,60.5259
02691156_eee96e21bf51ee6ce719b5362fe06bbb_00.dat,0.00005633,72.8670,84.8985,84.1444,64.2553
04379243_d533837495d31706d4bba81d85a6a53d_00.dat,0.00024895,53.2201,73.2793,46.5937,62.0438
03636649_ff07372af062502af47e57eb62ec59ec_00.dat,0.00019946,54.5139,75.3543,48.1752,62.7734
04379243_e49636394d4b0189523e5ffab409f73_00.dat,0.00039797,57.4728,72.9391,49.6350,68.2501
03001627_d3bf9df2360f0a56731dc97277e95217_00.dat,0.00019130,42.9435,69.4378,32.4412,63.5009
04379243_ed289e72b00480521fac473c90dd4a_00.dat,0.00014392,56.3202,76.1181,51.0543,62.7973
03691459_dfc0bd9721814628a4eccbbe9e05e638_00.dat,-0.00000198,62.5659,79.8259,62.4493,62.6829
02958343_f8885a2372b427f8f2626f7f7bd2296e_00.dat,0.00017560,64.9455,81.7480,68.8159,61.4873
03001627_e94089cce370e7d1aae894b47cf9777e_00.dat,-0.00000164,66.1855,83.7740,65.9773,66.3949
03001627_d04a1ec4ac9de6d6eab55e294b4eea02_00.dat,0.00013769,62.4455,78.1934,61.7599,63.1466
03001627_d7dfcd99197d6ae7b6dbfb7eb145012e_00.dat,0.00013168,57.0799,77.3980,53.0008,61.8392
02958343_d5d5ae304ad5376c8220afad74944c73_00.dat,0.00021782,54.6521,74.9899,48.9051,61.9296
02958343_ff2b0198eac025c6c1bcae9def1986da_00.dat,0.00022891,42.2438,67.3754,31.7518,63.0914
03001627_d01321ae63ae0b40ad1f278e1513f3b7_00.dat,0.00045961,40.6731,59.6386,30.4136,61.3780
03636649_e7b719516449701362525a4d857f099d_00.dat,0.00040158,40.0674,62.0893,29.5620,62.1554
02958343_f7b61de5d6d919a8953536e7c905b301_00.dat,0.00021736,40.8028,65.2880,30.2109,62.8317
03001627_eea2622d5a8ad64bcb23db7a28593905_00.dat,0.00056312,36.2403,58.7845,25.4258,63.0637
02691156_f12b45a38f012a78ac4f72bf08dc79a6_00.dat,0.00017976,69.7261,86.3147,83.4144,59.8970
03001627_f68b7c3a1ed7506bedd9ab1253e1a9c4_00.dat,0.00024818,34.7218,60.3191,24.0470,62.4396
02958343_eda96319f9f01f998496c87dd2a4075e_00.dat,0.00026078,34.2826,59.3746,23.7226,61.7865
03636649_e365a641480635d330c09d86acf3d5c1_00.dat,0.00038865,38.2199,59.4408,27.6561,61.8416
04379243_fc1fff82a7c97884fc5e332306225be0_00.dat,0.00016219,50.3634,72.7352,42.5791,61.6307
02691156_f07028f2080aaf4e75b90b083ed202b_00.dat,0.00040643,33.0428,53.4733,22.6277,61.2221
03636649_fd15a43ef545096fb6f5e7b313e4eaae_00.dat,-0.00000070,77.2338,89.1704,77.9805,76.5013
03636649_dd40743536da78a2bf964fc57f6a7d6d_00.dat,0.00049137,53.9836,70.2223,46.0260,65.2682
02691156_e0bb0ddf67462f4a8b686f76be476fe0_00.dat,0.00000230,67.5035,77.2529,66.7883,68.2342
04379243_e4c8211dafa5b903febad4f49b26ec52_00.dat,-0.00000140,61.1760,72.5101,61.0706,61.2817
03001627_f199965dc6746de38b01ef724ff374fa_00.dat,0.00001871,60.8277,75.9878,58.5969,63.2351
03691459_f9e6e10cdb3066929a3fe7e437a02206_00.dat,0.00043937,26.8679,47.9929,17.2344,60.9206
02958343_e5a3ffca76415acc33529abacbef3013_00.dat,0.00015200,50.7744,74.1516,43.5118,60.9471
04379243_d4063d86f6b2d27cd5b312abcf74b469_00.dat,0.00035576,33.3681,56.7962,22.5061,64.4950
04379243_f298b3663ae591a2276bf4bce35c96fc_00.dat,0.00025843,39.4391,63.2965,28.9538,61.8306
04379243_e6cd72665faf3180f2cf6a9bef44d625_00.dat,0.00027152,42.0480,64.4451,31.0219,65.2340
03001627_e2dbad7996e7e13430c589758b4b5646_00.dat,0.00005025,72.2018,86.3461,83.6172,63.5289
03691459_f301db000c02b9d0e45c217bb038c35b_00.dat,-3.37811446,100.0000,100.0000,100.0000,100.0000
02958343_ec42bd73d57580a85b48f89d50b1db79_00.dat,0.00000862,60.7065,75.8252,60.5028,60.9116
04379243_e39bfe8848fbf76540a98a90bd0efcca_00.dat,0.00017984,48.4446,71.0814,38.8078,64.4488
03636649_e613b3c2006c457ea35a7666f0cfa5bb_00.dat,0.00024800,38.3607,65.2156,26.8856,66.9248
02691156_ef6db5bcb6bb96ddd2f0cc036969ee4f_00.dat,0.00082487,34.9154,48.6572,24.4931,60.7775
04379243_d0346744d67b08b099e8bf807e902261_00.dat,0.00021663,40.6644,61.5143,30.5353,60.8492
03636649_e02cc9c4cac285419cb07ecb5b4102_00.dat,0.00014150,79.6635,88.0419,98.8240,66.7263
03636649_f4db9c55f72edb36ad0d9196eb691e00_00.dat,0.00072075,50.2663,63.8636,49.7567,50.7865
04379243_ef575c402b734f8d810b14a81e12eca_00.dat,0.00116164,44.4012,59.3886,34.5904,61.9806
03636649_eee7062babab62aa8930422448288ea_00.dat,-0.00000380,61.3365,76.4111,60.9084,61.7706
03636649_e6c64600128ca2c176e9713f57a5fcb6_00.dat,0.00054920,35.1141,57.9674,23.8443,66.5850
03636649_d3194dd3e07881828f58d8b19de93f99_00.dat,0.00035939,39.2638,62.8327,80.0081,26.0154
03691459_d05deb21bcfffb07fac7130d270bddce_00.dat,0.00059402,27.6469,49.0393,17.3155,68.5447
02691156_d0456644386d9149ce593c35f70d3f_00.dat,0.00015495,77.2059,91.0517,81.3869,73.4336
03001627_dcdb75ba399230bf98f5bccb3529a48d_00.dat,0.00016057,50.3941,74.0166,41.8897,63.2313
03001627_d3a38afe0a0341cefebad4f49b26ec52_00.dat,0.00026805,31.8078,57.1030,21.2084,63.5863
03636649_f9bed8743eba72439a4cbf5d3b79df06_00.dat,0.00016190,60.3873,78.3564,58.7186,62.1536
02958343_f78bdf493e66e19af42152005322e4a1_00.dat,0.00024804,36.8865,60.5071,26.4801,60.7676
03691459_e3a37b904381c61a46407779dbd69b2d_00.dat,0.00043672,25.3240,46.5183,15.6934,65.5495
03691459_efb2eac3d84429d6363cbfdd3d5388a_00.dat,-3.36408067,100.0000,100.0000,100.0000,100.0000
03691459_faeb2f5501c8618ae47833b310955a9f_00.dat,0.00009566,67.8163,83.9328,76.3179,61.0189
04379243_db00e248dce5fe409cd431573238602d_00.dat,-0.00000451,61.5110,73.3415,61.7194,61.3040
03001627_cbc76d55a04d5b2e1d9a8cea064f5297_00.dat,0.00121011,32.2581,49.7066,21.6139,63.5588
04379243_e566fd9bbc3d51d377b9297f3055210_00.dat,0.00010557,67.4016,79.2350,75.1014,61.1339
04379243_f469759b2790b6cf6c1a170c83f9532f_00.dat,0.00038366,22.0419,43.4163,13.3820,62.4655
02691156_f3463eac7325b600d01b5600c06c528d_00.dat,0.00009824,87.9759,95.9434,97.1208,80.4049
03636649_fb8be091d77118ab90fd203f931c9af5_00.dat,0.00155849,39.1288,56.2801,36.7802,41.7978
02691156_d28a3cd771b2bf1e71d03b466c72ce41_00.dat,0.00016871,73.6508,90.8583,89.1727,62.7313
03001627_faca91ff3f9e2b93a87dbaf229daf408_00.dat,0.00032492,57.4903,75.5746,49.0673,69.4044
03691459_e6e085e31c30925466bdbbf263e9429e_00.dat,0.00001012,63.1424,78.4025,63.8281,62.4712
02958343_e99b4293db002d0d2d15396b7bcc6366_00.dat,-0.00000440,62.7520,78.9842,61.9627,63.5617
03636649_dbe5479ef7f6c752eb1f13e2de7cd7d8_00.dat,0.00020254,51.7565,73.2296,42.7007,65.6872
03636649_ecf9ea749680ae432d9c07d3b9171829_00.dat,0.00037478,52.4748,76.0971,76.6018,39.9059
02958343_f927a65382b9140beb0d54da59ce968_00.dat,-0.00000461,62.2327,76.5372,61.4761,63.0082
02958343_d6390f62d9e036efb1bb46d2556ba67d_00.dat,0.00009625,63.8363,83.2125,64.0308,63.6430
02958343_deeed021ba7350eb9eb97066132c2975_00.dat,-0.00000584,63.9244,79.7152,62.8548,65.0309
04379243_f2743fb608c502abfffc97a61124b1a9_00.dat,0.00012981,55.8502,74.6782,51.7437,60.6646
02691156_f6f5efa1554038ce2154ead1f7ab03aa_00.dat,0.00034724,73.3880,80.8088,67.1533,80.8989
04379243_d599b1176343728c6705ae120c2282cf_00.dat,-0.00000064,61.3582,72.6236,61.5977,61.1205
04379243_f3f8fcf3713f89847e2388e35557b84a_00.dat,0.00019551,41.5104,64.1344,31.4274,61.1196
03636649_ea9721231b1369c93ffd072b23bde58_00.dat,0.00007687,88.5840,97.0074,98.3374,80.5907
03001627_dab5b7b9df65d2e2cf0bcb121cf32b53_00.dat,0.00000066,62.5262,75.6935,60.9895,64.1423
02691156_d74767519393a937f73e5bc170b7e2be_00.dat,0.00000049,65.1860,77.6572,65.9367,64.4522
03636649_eeffd79536a7ab3e597ff152ef65c9c3_00.dat,0.00125455,33.2839,52.2356,22.4655,64.1992
04379243_fc2ae302325d2c796820bd77cbfc18d6_00.dat,-0.00000614,63.2503,77.9951,64.1119,62.4115
03636649_dfb6553d8e04cbaae1263552aa9a2d35_00.dat,0.00003295,78.9485,87.8152,95.9448,67.0677
04379243_fe0a8440aef8f597a6656391f7752a4d_00.dat,0.00029017,35.6863,60.0510,24.9797,62.4550
02691156_e0b5c450de6d7fe3d87c63d8b3018b58_00.dat,0.00000750,63.0865,75.1822,64.1525,62.0553
03001627_d1caa22978e516655c31590a2627247_00.dat,0.00021821,45.0855,68.0507,34.3066,65.7407
02958343_ee594be09a857234c9789b2cfb3d252a_00.dat,-0.00001635,62.0957,74.6951,63.4631,60.7859
02691156_f50eba69a3be1a1e536cfc00d8c31ac5_00.dat,0.00009674,64.7172,80.3372,64.4769,64.9593
03001627_e67d503940c1d95b73e5f839658fc536_00.dat,0.00051738,25.3765,46.6617,15.8556,63.5160
02958343_fe3239214e58828b6ca2b6e5474aad11_00.dat,0.00026437,41.1257,63.8224,30.8191,61.7895
03691459_d14e6214d7dd4ed62d563c85edb49108_00.dat,0.00042192,26.3494,51.4944,16.4639,65.9446
03636649_d582dce8cd58bc57899bad344dc01f2f_00.dat,0.00029492,62.0062,81.8270,78.5483,51.2195
03636649_e6de1ff0564f172ad96790493cac7283_00.dat,0.00056828,50.5707,65.6132,65.5312,41.1714
02958343_e97d26f05a68f833cd89498c213958c8_00.dat,0.00025798,52.6799,71.5597,42.7818,68.5365
03001627_df55d3e445f11f909a8ef44e1d2c5b75_00.dat,-2.61326981,64.2444,85.7010,47.3236,100.0000
02691156_d4aec2680be68c813a116bc3efac4e3b_00.dat,0.00005620,74.5983,85.6349,87.0641,65.2551
03691459_f6cccbb93c35fcaed49b96b9f2811c7d_00.dat,-0.00000176,63.3326,80.2812,63.1387,63.5278
04379243_e18d2ccfd7e0da86bc22c9f90939338_00.dat,1.83262181,0.0000,0.0000,28.3861,0.0000
02691156_d919249737749c36417568af9ae9577f_00.dat,0.00007151,92.1636,98.5505,99.0268,86.1900
02691156_ebedcd06f1770cd4bbf3143b1cb6076a_00.dat,0.00007043,92.5254,98.7734,99.3106,86.6080
02958343_fee1c13922c07e8711b978ff9450f61b_00.dat,-0.00000382,62.0608,76.9508,61.3544,62.7837
02958343_ea968c62444e9bc6a385408af3374537_00.dat,0.00013567,55.2670,78.2503,49.7161,62.2130
02958343_f76df2076c3af2b61244a04f5190e0a_00.dat,0.00035112,37.7472,57.1833,27.2506,61.3962
03001627_e27cb29cc3df4d0330989b15eb158e03_00.dat,0.00007436,69.8514,85.9907,76.6423,64.1659
03001627_e967c4817872b637de03ab2a27ba7531_00.dat,0.00022837,40.7532,65.7500,29.8054,64.4128
02958343_dee55e3cad3f8fc27f45f210ce517828_00.dat,0.00023145,39.5134,63.2171,29.1160,61.4616
03636649_d91cf049fa961ccb59f8e31ca87c470e_00.dat,0.00073081,40.6294,57.9919,61.1922,30.4103
03691459_e878e519af882f493fc48162942e3418_00.dat,-1.75690234,42.1760,64.8767,26.7234,100.0000
04379243_dc3167808a79ebe24a1806c17996a001_00.dat,-0.00000129,64.7184,77.8700,64.9635,64.4752
03001627_e6b2017501b20ce1eff1a662025674bf_00.dat,0.00011270,66.1342,80.3715,69.5864,63.0084
03001627_fd244782842c611b6443e5551f9d3958_00.dat,-0.00000248,63.9226,75.3872,63.7470,64.0992
04379243_cf046edeff204b81cdf7280ff8af6720_00.dat,0.00000528,61.2309,73.5862,61.1111,61.3512
03691459_f8fde8f5f364087d2d563c85edb49108_00.dat,0.00006928,59.2068,71.8634,57.5020,61.0158
03691459_eae023e4c609a77799234ad1a4f88718_00.dat,0.00029014,34.8947,60.2979,24.0876,63.2903
03691459_e854747b2165ffd6f8b75fa4030d2e21_00.dat,-0.00000010,65.2720,80.9482,66.4639,64.1221
03636649_e7310381c64cd87f8880edc6251fa529_00.dat,0.00017544,61.5604,73.3333,59.7729,63.4581
02691156_f3cc7d5c4089b842df6e254b0245ddcb_00.dat,0.00011663,82.9969,95.1033,93.8362,74.4024
03001627_d4d9b991ff7d31e8c8687ff9b0b4e4ac_00.dat,-0.00000268,61.5149,73.2391,62.2060,60.8389
04379243_e96108e514142d13b3cf15c77de45986_00.dat,0.00016266,62.4717,79.0393,62.8954,62.0537
04379243_eeb23be65d6c76123199fadac163f8c6_00.dat,-0.00000760,61.7792,72.9929,62.2466,61.3189
03636649_fd074c0819b9934f73b8ea30c1700f67_00.dat,0.00264332,29.9816,39.1490,19.2620,67.6046
02691156_dfa310706fad49d873ec74c119307b9_00.dat,0.00001723,65.4867,75.7068,64.7202,66.2716
02958343_e39e852b502f0836becf71e2e014ff6f_00.dat,0.00019342,45.6859,71.4464,35.4420,64.2590
03691459_f6d6ab4f49238452b45df535caecae62_00.dat,0.00046552,22.6030,44.2039,13.7470,63.5301
03001627_fa8f7c225d3b9f1def4a09e7eb872bd9_00.dat,0.00010896,63.3151,81.2747,61.8005,64.9058
03001627_ff3a6eb4556b2c0eb04cb542e2c50eb4_00.dat,0.00002296,63.8330,75.9789,63.5036,64.1658
02958343_fdcc09ad608e95b4b631b59d5abd1cf8_00.dat,-0.00000723,62.4108,78.1027,61.3544,63.5041
02691156_d20e3ed9b3430672bbf3143b1cb6076a_00.dat,0.00001114,63.9686,76.0474,64.5174,63.4291
04379243_d3c31829b1295d0abf22a5ca4fa4678e_00.dat,0.00009276,64.6573,78.9858,69.2214,60.6579
03691459_dc9c9ce6dc9a771f500158c23c4c5a8e_00.dat,0.00024678,58.5639,77.0996,93.3090,42.6736
04379243_f7b8a1d716dc1725aa7cb30470f3273c_00.dat,0.00000271,62.8254,74.4307,63.9903,61.7021
02958343_d4d7d596cf08754e2dfac2620a0cf07b_00.dat,-0.00000332,63.0752,76.0265,63.9497,62.2242
03636649_d460bf2dd59883f44e1a714ee619465a_00.dat,-3.11821175,63.4551,81.1566,46.4720,100.0000
02691156_f1384d3fd2d59e63f4d6518603e8629_00.dat,0.00008138,90.3018,97.8031,99.7567,82.4841
02958343_fd0a1df53e51b4c79521b2829d4191b4_00.dat,-0.00000196,62.7094,74.9604,63.4225,62.0121
02691156_df0b14faa90bd4dce68b9e5f5c3d0eca_00.dat,0.00005035,74.0959,85.7694,86.9424,64.5570
04379243_daaa70967da2bad4e80de6380bdd8c21_00.dat,0.00013257,60.3266,77.0076,59.3268,61.3606
03001627_d661b52c3763eec020768660cf080d12_00.dat,0.00047791,23.5612,44.6270,14.4363,64.0390
02958343_e042d636cfca46f56436916a86a90ed7_00.dat,-1.80044830,28.3328,55.1116,16.5045,100.0000
02691156_e33fbcf5b616d6f9f44f89e40af48618_00.dat,0.00008848,89.1992,95.7374,98.8646,81.2553
04379243_fe25a9fdbf70cc25f81ed792b3a38b04_00.dat,0.00018731,46.4257,69.9187,37.5912,60.6883
03636649_e13a855926f25ffc5285aeabe3f6e218_00.dat,0.00050864,24.3242,45.3962,14.8824,66.5370
03691459_d3e279ab7bb0dcbb85d9d97241397921_00.dat,0.00041737,25.2650,47.7378,15.8151,62.7743
04379243_eae36b396f6b5f97664b3b9b23ddfcbc_00.dat,0.00013989,60.9249,77.2681,60.5839,61.2698
04379243_f6f180c3e72caacb5077539b37310c29_00.dat,0.00010067,61.4424,79.3599,61.5166,61.3683
04379243_e2a56bcdb18d820047ad57fbec8be0bc_00.dat,0.00025369,37.2883,63.3229,26.6423,62.1048
03636649_e37796d40348fa5fd8013bb984303089_00.dat,0.00224278,21.5996,34.6102,23.8443,19.7411
03001627_e065edba45aee481490ad276cd2af3a4_00.dat,0.00011416,64.2502,81.1299,63.5442,64.9721
02958343_f246c0bfe476a452becf71e2e014ff6f_00.dat,-0.00000486,64.5012,82.1974,62.6115,66.5086
04379243_cfe15cdc16a2e2054e2e1b2af0cc59a7_00.dat,0.00008977,66.1491,80.4183,72.1411,61.0761
04379243_d3a72603f65b921b391e4d6c585a697a_00.dat,3.20660901,0.0000,0.0000,0.0000,0.0000
03001627_eac0a44a4b4bf460f37e11038ce8fb27_00.dat,0.00001563,63.3794,75.7154,62.0438,64.7738
03636649_fc602899fa852d6878aa68632c6b1d5f_00.dat,0.00012876,56.4275,78.5555,51.3382,62.6369
03001627_cee5c4ec2b284e7317b431cae0dd70ed_00.dat,0.00047261,28.0919,50.8736,18.2076,61.4520
03001627_cbc47018135fc1b1462977c6d3c24550_00.dat,0.00041722,23.1574,46.3429,14.2336,62.0762
02691156_e0df97dfc068e3664bf88973bd147a26_00.dat,0.00005948,69.5285,84.3530,77.9400,62.7558
02958343_e28b15ce3e0f68999916a6396d9c900a_00.dat,0.00021218,45.4230,67.1163,35.6853,62.4694
03636649_f10af3d00a4c3e89f51f77a6d7299806_00.dat,-0.00001056,64.8745,77.2396,63.3820,66.4389
03691459_d3817d6003473f1c3971c6f4f1d0a4a0_00.dat,0.00026729,57.5194,72.9882,50.4055,66.9713
02691156_de5cade3966a1dad94946b454cd190d0_00.dat,0.00027022,63.5690,87.1340,75.8313,54.7205
02691156_e3f562bd552fbb14496e2f80fb255499_00.dat,0.00010837,65.4043,81.3794,63.4225,67.5138
02958343_f8dace6f0c680fae994a3466f8481f8a_00.dat,-2.61278105,97.0785,98.0149,94.3228,100.0000
03001627_e955b63a4bd738857178717457aa5d20_00.dat,0.00021268,46.9666,70.6757,36.6991,65.2108
02691156_ec8ba88cdead53f336dafa9b6763ef3f_00.dat,0.00028506,59.2574,80.0145,85.1987,45.4260
03691459_efb33523a6be2e105a31d91ec836a511_00.dat,0.00006646,69.5618,84.7715,79.1971,62.0167
02958343_df91db4ada9bad0f9c0cac0d72a31ff9_00.dat,-0.00000200,61.7302,74.9056,62.1655,61.3010
02691156_fe4ad5664773074cb536c73c7d134340_00.dat,0.00004871,75.4097,86.8451,88.9700,65.4362
02958343_ea58938dca17f3853c9cf79df3851b10_00.dat,0.00025104,38.2832,62.5433,27.7372,61.7679
03636649_fe200902555dd8c89f2349486c570dd4_00.dat,0.00040602,57.6850,70.1644,87.5101,43.0222
03691459_ce21542cb2b0bb3458107383640dddec_00.dat,-0.00000249,61.7385,76.3511,61.8005,61.6766
02691156_d7454b0e80d3236ff268234accd8cf4e_00.dat,0.00001206,61.4417,73.2116,61.5977,61.2865
04379243_d1cc46478cde981b9a980acf1a5058aa_00.dat,0.00012295,52.7137,77.4650,46.0665,61.6028
03691459_ea4215e0c4455737dd3b7710c385b572_00.dat,0.00026657,57.7564,74.5670,54.6634,61.2204
02691156_f1210d8f895e40b663c15773e7567372_00.dat,-0.00000319,64.6441,76.3830,64.1525,65.1433
03001627_f428a799c3185ee0c8687ff9b0b4e4ac_00.dat,0.00026089,35.4627,60.5072,24.2903,65.6658
03636649_db447b84e1a8d8d6ba5342d638d0c267_00.dat,-0.00000689,64.4433,82.1358,65.1257,63.7750
02691156_d4d61a35e8b568fb7f1f82f6fc8747b8_00.dat,0.00011283,85.2657,93.8097,98.4996,75.1667
03636649_fdc4b403601fedf955b7716fb9f91d35_00.dat,0.00202368,37.3543,47.4752,24.6959,76.6355
03691459_f7a45911d01fe4a961775b840d882da9_00.dat,0.63023615,39.3520,50.3104,68.0049,27.6866
03001627_cbc9014bb6ce3d902ff834514c92e8fd_00.dat,0.00011198,65.7240,79.3888,66.9505,64.5415
02958343_d2d9bd9909125085b746f23ed32d4ff_00.dat,0.00027842,36.2420,60.5477,25.7502,61.1622
03001627_f34fea2c05dc63d090984ccce1017e45_00.dat,0.00019746,50.2538,72.5558,41.6058,63.4401
03691459_e5c2ab51068e9f8b58ad8ba2f750cf1d_00.dat,-0.00000831,70.1150,88.0738,68.8159,71.4641
03001627_eda8edcd64072b0db784faac204319d9_00.dat,0.00080721,37.5180,56.4082,59.4485,27.4074
02691156_ecbb6df185a7b260760d31bf9510e4b7_00.dat,0.00018239,52.5255,71.5921,44.6472,63.7800
03636649_d0018775e9f2d109fcb8d8c6d4df8143_00.dat,0.00006995,71.2374,85.1841,79.1160,64.7859
03001627_d57bbc72d1b2670e4209d14d674fb332_00.dat,-0.00000734,67.3667,85.7923,67.7210,67.0161
03636649_d3f84442201b6c137fb7f79251dd7727_00.dat,0.00126887,32.9920,50.6266,21.7356,68.4311
04379243_f4d21f925b703fb7e46b767696592d01_00.dat,0.00000388,62.6480,74.9290,60.8273,64.5811
03636649_e8350583c84b5e6731ae8c8ff1eb3d45_00.dat,0.00000791,62.7108,74.9307,64.1525,61.3325
04379243_ef62dad7755794a47558b47f7ba0b0c_00.dat,0.00014854,51.5845,73.9737,44.1606,62.0090
03001627_ec78623a598fb6d67fa68300c57bff0a_00.dat,0.00025866,35.5364,59.3929,24.9797,61.5467
03001627_e5a65fb8c660ef96dbbc9440457e303e_00.dat,0.00022092,50.6445,74.5774,42.3358,63.0108
02691156_d581b2e10f8bc6aecc1d733a19631a1_00.dat,0.00015689,79.0695,93.0034,84.8743,74.0079
04379243_d578287c4a9452efa9af104529ef47c3_00.dat,0.00017231,50.6002,72.8835,43.2279,61.0043
02691156_dc03e743739c4f87c27f2d9f006d69eb_00.dat,0.00010509,87.3782,97.4341,90.8759,84.1398
03636649_e02e79e028662e9ffcb8d8c6d4df8143_00.dat,0.00038491,32.7329,52.2792,21.7356,66.2549
03001627_e4cc5cee7b011df316037b4c09d66880_00.dat,-0.00001015,63.2553,77.9422,62.5304,63.9971
03691459_e2c1e8958295f84459fca7a6b28640d3_00.dat,0.00045362,30.8399,50.9858,20.2352,64.7998
04379243_f864677894410315ab610b0c94236463_00.dat,0.00023268,66.9948,86.6917,80.1703,57.5387
03636649_e35c4fadbf8d0426c26e81144f3196d5_00.dat,0.00021082,77.5313,88.7813,93.3496,66.2971
04379243_e08d1cd0dc7dc73db9d7c2fc41e80228_00.dat,0.00010238,62.3046,80.3032,62.6115,62.0007
03691459_d5f20697fdea1b20fbc9490485dff00c_00.dat,0.00004593,67.1675,84.5637,65.2068,69.2498
03691459_eda3d466ae38e9112a40b4a3ef70af61_00.dat,-0.00000903,63.2577,80.0301,63.4225,63.0936
02958343_e2d097edd2a10645becf71e2e014ff6f_00.dat,0.00016174,49.1657,73.9080,40.6732,62.1407
03001627_d36de0f850783d8fd6b3090036b71698_00.dat,0.00012296,57.8657,79.6802,53.4469,63.0810
02691156_d70d648947c65b1eca8607f540cc62ba_00.dat,0.00011874,83.4728,95.8506,93.7551,75.2230
03001627_f0f9d29b3eb76fb7490ad276cd2af3a4_00.dat,0.00012203,56.0404,76.7314,51.5410,61.4006
03691459_d457ef805b078d037f5e8f62dd90fb59_00.dat,0.00002770,67.6492,80.3449,65.8556,69.5431
04379243_ea6571f7ef98f562fca88347d0eb86ef_00.dat,-0.00000211,62.0256,73.4633,61.8410,62.2112
02958343_e69a5ad60aad3da2292296f0c84d7087_00.dat,0.00006944,59.3342,73.3868,56.3666,62.6317
04379243_ce4fde399bd5f6f6784a45ea6efa1d77_00.dat,0.00001682,61.9790,73.9969,61.7194,62.2408
03001627_d6e5a8e9e0d5dfedb0957d845ac33749_00.dat,0.00044202,24.2145,47.0637,14.9635,63.4279
03001627_faef9e4cff5fa61987be36ce60737655_00.dat,0.00013112,57.3010,77.8637,52.0681,63.7031
03001627_fb381061e67388ba80360680c1602c7d_00.dat,0.00009242,65.2966,82.3313,67.2749,63.4313
04379243_d7dbf6005f2e8fccf6ef7bb1183682c_00.dat,0.00060240,64.6715,79.5639,66.6667,62.7923
03001627_fb71fc8021c89cf342d8a8c5af8997e8_00.dat,-0.00000686,64.4888,82.6803,63.4631,65.5482
03636649_e688f147080f123828eb8d149efa4062_00.dat,0.00050076,61.5834,76.2330,80.5353,49.8521
04379243_eed0984ed7a72e99cd1c64069cf52e3_00.dat,0.00039170,27.8496,50.8372,18.0049,61.4483
02691156_f16381a160f20bc4a3b534252984039_00.dat,-2.81988907,91.8421,98.8308,84.9148,100.0000
02958343_f9fb47305ee7156d59139efcde1fedcb_00.dat,0.00012713,56.1747,77.3944,51.3788,61.9582
03691459_d46c71be46696b1d41ba258440d3e234_00.dat,-0.00000488,62.3856,78.8615,62.1655,62.6074
03636649_d87a2d766579f15e38b27a25d1336579_00.dat,0.00012729,81.0120,93.0779,97.1208,69.4866
04379243_de1d044910991a072d184f71ff3205f5_00.dat,0.00064701,47.2902,68.7857,37.7534,63.2736
03636649_d438e1e1b540a30b1f329c416dca6157_00.dat,0.00018865,46.3349,69.9192,36.5775,63.1920
03001627_f4a2478ebfac3e56b0957d845ac33749_00.dat,0.00136354,36.6754,54.0504,43.9984,31.4422
04379243_cd224ca2a8aa04b11362d127df6d94eb_00.dat,0.00009670,65.6063,81.3080,68.2076,63.1962
03001627_cc25ba35b3f6e8d3d064b65ccd89778c_00.dat,-2.94993734,62.7331,81.4708,45.7015,100.0000
03001627_d3ff300de7ab36bfc8528ab560ff5e59_00.dat,0.00011528,59.2863,78.9821,56.0016,62.9804
03001627_d74870729fb3e3c5aa0a75782a86b0f3_00.dat,0.00030903,54.5805,74.5478,67.2344,45.9352
04379243_e2121844a25d93b2c3bd24f986301745_00.dat,0.00018000,55.4154,73.0452,49.7567,62.5264
02958343_fcd90d547fdeb629f200a72c9245aee7_00.dat,0.00010763,59.4035,81.6206,57.7859,61.1142
03691459_d4ae1449bdee448b1ab68128992ea30_00.dat,3.04457140,0.0000,0.0000,0.0000,0.0000
02958343_e213d976734431773a3afd30f2e86bd7_00.dat,-0.00000925,62.9838,79.6868,63.9903,62.0086
02958343_cdc8453c63ffc13e20f29d4da2b76f7a_00.dat,0.00015372,52.2691,74.0122,45.6610,61.1135
03636649_d153ae6d65b31e00fcb8d8c6d4df8143_00.dat,-0.00000514,63.6420,82.5827,64.0714,63.2184
03691459_ef509cfed1b359a7dc1ad15ea0771770_00.dat,-2.30318141,47.8717,74.1837,31.4680,100.0000
03691459_f0b4735b45d1a6b51aadbcf355bd688f_00.dat,0.00002808,61.6209,79.4781,58.9619,64.5311
04379243_f023a5489450b924520ad20925ff9d2d_00.dat,0.00000891,62.2506,75.3025,62.2871,62.2141
03001627_fd5ac9b342fe518b9d3ea1c6b57a0095_00.dat,0.00020692,41.0815,60.3295,30.8191,61.5900
03691459_dd05c61250149ba5d49b96b9f2811c7d_00.dat,0.00011100,63.0441,86.9297,56.5693,71.1926
03691459_e1bcea986fcbb7fab359198a2f47cf13_00.dat,-0.00000492,62.7201,75.6299,62.8143,62.6263
03691459_f3f07513f7deb6d1e4ad2926a22bd27d_00.dat,0.00033859,32.4034,55.0566,21.6545,64.3410
02958343_ce8dae15de55bc57ec96068985a57399_00.dat,0.00021578,47.0536,68.5743,37.8345,62.2128
03001627_fe20f6a58ca6c84c914eb005afa6475b_00.dat,0.00035457,39.0248,58.9407,28.6294,61.2736
02958343_d8830880072d3f2077daaf29eed61abc_00.dat,-0.00000041,61.3891,72.5435,61.1517,61.6283
03636649_d7465ce6bfe4b898c98f75a9ff83e3b7_00.dat,0.00120609,39.8161,54.9396,52.6358,32.0179
03691459_d06487d7634bdfddc1b62a5dd6fee95_00.dat,0.00045900,22.8189,43.4135,13.9903,61.8496
03691459_e5a6dfbc6e89ba42bbdf3c5f28fe5d98_00.dat,3.76122212,0.0000,0.0000,0.0000,0.0000
03636649_d49a8626a9eb5ac2553bbd6d743ae8f6_00.dat,0.00446961,12.0073,19.6300,14.6796,10.1580
03691459_e71f2c0e0c760ae98139dd63d55edc44_00.dat,-0.00000325,67.6793,85.2725,64.4769,71.2165
02691156_eed299b690be51ffbd931fcaa69140_00.dat,0.00006014,94.7351,98.9347,98.9862,90.8341
03001627_f39d429ab98d5323a1a6556bd50a3110_00.dat,0.00014234,52.3775,76.0501,45.1338,62.3908
02691156_e0e0d713c8969b52ca8607f540cc62ba_00.dat,0.00021749,64.8179,84.6644,84.4688,52.5846
03001627_f268849e43f64861cb3a30f2c37c38a6_00.dat,-0.00000421,64.7204,78.3138,61.6383,68.1269
02958343_fa234addf8fe4f7fbda733a39f84326d_00.dat,-0.00000305,61.6359,74.4779,60.5839,62.7250
03691459_e750bda061e86402cf39ad4726172e1d_00.dat,-0.00000640,63.7885,80.7111,63.4225,64.1587
03636649_e1ecd3a4734b91fffcb8d8c6d4df8143_00.dat,0.00013528,54.3801,75.9644,48.5401,61.8176
03636649_de063371e5ef119cfcb8d8c6d4df8143_00.dat,0.00016441,48.3190,70.8300,39.9432,61.1394
03001627_d50b0c6c006936f8de03ab2a27ba7531_00.dat,0.00018528,52.3500,72.2816,44.8500,62.8622
03636649_ed57181b9e7644a3f51f77a6d7299806_00.dat,0.00033686,61.3652,80.5947,74.9797,51.9350
03636649_e9df996dd33c009bfcb8d8c6d4df8143_00.dat,0.00036115,43.8453,61.5313,33.9822,61.7751
03636649_dc5e7460dff922246a44fdd49dec8069_00.dat,0.00005809,96.7729,99.5364,99.9189,93.8190
04379243_e28354127815445a83e5416284930195_00.dat,0.00002206,59.7724,73.2516,58.1103,61.5324
03691459_d5e77992b28da2729c90f715a36a51dd_00.dat,-0.00000474,68.3179,83.8147,72.5061,64.5872
03001627_dcbb15dad2001a0b8a4c763d71484708_00.dat,-3.43999815,100.0000,100.0000,100.0000,100.0000
03636649_d5e278feb6007ccb88e7662971dc736f_00.dat,0.00102511,47.8335,64.4845,56.5693,41.4348
02691156_d12f7698698bbc8f9b10643ba761a774_00.dat,0.00048147,33.4073,55.7149,58.4753,23.3831
02958343_d8162c4884f7a1e37e8b8e914ac86db_00.dat,-3.27730417,100.0000,100.0000,100.0000,100.0000
03636649_da12a5d96b465cf6bced73c51e99f8b2_00.dat,0.00010243,64.5565,80.2939,65.7745,63.3827
03001627_e0a011619d6c9df19f1deb04fb8ae481_00.dat,0.00022131,44.4107,67.9257,34.6715,61.7586
02691156_f5a8cae96024e709c1ccec171a275967_00.dat,0.00005020,71.8820,85.0844,85.2798,62.1224
02691156_fbc429365ab7136be1a9c234926c21e2_00.dat,0.00014620,68.0131,82.6338,78.1022,60.2324
02958343_d0cf2f187acda5736be7348aa770e4ca_00.dat,3.33355093,0.0000,0.0000,0.0000,0.0000
03636649_e1c49baf0a79732a7eeca6709b6a824e_00.dat,0.00109865,28.4508,44.8227,39.7810,22.1439
03691459_f9250e29e640eff9a5f99ba0b2469cd9_00.dat,-0.00000179,69.6114,87.1826,74.6553,65.2059
02958343_ed6bf649ad5b3d82b1bb46d2556ba67d_00.dat,0.00018309,45.2573,69.9058,35.5231,62.3398
03636649_e22cc77e9bf9eb0875d36c94c257eb30_00.dat,0.00030588,50.6242,73.6356,70.1135,39.6130
02691156_fa4e8f24d7f0ae1cc1ccec171a275967_00.dat,0.00004796,78.1072,87.3362,98.7024,64.6230
03691459_ec1b85abce89d680a7bc6032416bc8ae_00.dat,0.00088645,41.6077,66.0844,31.3869,61.6996
02691156_e0ad511aab31dfdb3e237dc81fd8be72_00.dat,0.00152996,14.6458,23.8655,8.4347,55.5556
03636649_dbc50a84c8d24f9168c981036afdae64_00.dat,0.00021595,41.2256,65.8371,30.5353,63.4337
04379243_ec356bd4c5cea755748e58db1ff83cee_00.dat,0.00090466,46.3228,68.8394,35.9286,65.1790
03001627_e23400a634c81fec3cc5c2b17dc81196_00.dat,-0.00000146,67.1843,84.2796,68.4509,65.9637
02691156_e9f39176973edd33a8cba409c4409ba9_00.dat,0.00011990,85.5098,94.6903,93.5929,78.7120
04379243_fa719ece51c607383f3fb2f375c18a84_00.dat,0.00021871,47.1992,66.4981,38.4834,61.0190
02691156_ea6ccb2dfb61484caaa29616be3e223b_00.dat,0.00008961,88.9797,96.7381,99.3106,80.5957
02958343_e7141fa81a2828841e8bd72b0feca0a8_00.dat,0.00010609,60.6526,80.5094,58.5158,62.9513
03636649_e053e531fc4341b5fcb8d8c6d4df8143_00.dat,0.00013055,56.7154,76.1670,52.3925,61.8157
03691459_d97a4771b9d796a22d1a40e420084a6_00.dat,-0.00000565,66.0375,81.7266,67.0722,65.0342
02691156_f6b7f7695d091b9bc0909d98a1ff2b4_00.dat,0.00007994,91.6108,97.5926,99.4728,84.9005
03691459_ce90cf5be2ffbf92505e438c8a36b3e7_00.dat,0.00002580,65.2408,80.9429,67.3560,63.2544
03636649_e2e7f45670fc5e369a6c869309041adb_00.dat,0.00034264,35.3224,60.4204,24.3309,64.4278
02691156_fbb2e9c15888afcaca504cdc40c452de_00.dat,-0.00001018,64.3331,76.3529,65.6123,63.1029
02958343_ce80b59208448fed627014ff98c41eb1_00.dat,0.00022178,41.7936,65.9137,31.1841,63.3448
02958343_d287b02b4679c70ab7902335d9dd94a2_00.dat,0.00018097,53.0345,76.7604,46.3909,61.8989
04379243_e09377eefe363b4f8101accd22c701b9_00.dat,-0.00000225,64.4282,75.9603,64.5580,64.2989
02691156_d9dd8dd2c422dadaad70e50d5d7d02a5_00.dat,0.00011258,83.8363,95.5914,96.1476,74.3200
03691459_e4edc21690f623a35587d8c9be86464a_00.dat,-2.17241406,27.6127,51.5799,16.0178,100.0000
04379243_e439549f5da57f5ea5676001632ead27_00.dat,0.00010679,65.3788,86.1074,59.3268,72.8058
03691459_f7624b0826b4da3ae7e41e72dd76c27a_00.dat,0.00041328,24.8999,48.3988,15.3690,65.5489
03001627_f35645e0b1141804a57b3bec78e5d1b3_00.dat,-0.00000162,64.2575,81.5093,63.8281,64.6928
02958343_fe03018ebd46786cd436d4e00775800d_00.dat,-0.00000671,62.2059,75.8174,62.0032,62.4100
03636649_f97011a0bae2b4062d1c72b9dec4baa1_00.dat,0.00038829,53.0207,73.7943,63.5036,45.5084
03001627_f1f40596ca140cc89cfc48dba5c0e481_00.dat,0.00034837,43.8799,59.4105,32.9684,65.5875
03001627_f9d050a51da1f3ed30bbd4cddd04c77b_00.dat,-0.00000543,61.4423,76.4078,60.7867,62.1123
02958343_f36ce0c0cd0cfacba7742c4ce47c2229_00.dat,0.00014778,51.8494,76.4530,43.8362,63.4474
03001627_dcfd665cdc0b01e7b04cb542e2c50eb4_00.dat,0.00025711,49.7636,71.8960,41.4031,62.3550
02958343_dc21458ae25fd8f8e1d07440940052aa_00.dat,-1.53419256,54.5562,75.6743,37.5101,100.0000
03636649_fce6b0ca06f8a565b45df535caecae62_00.dat,0.00007466,91.8974,97.1825,93.2685,90.5660
04379243_d2b7b34e176262513521fe8ac6222005_00.dat,0.00000514,61.5934,74.9097,61.3950,61.7931
03636649_e0aa085dfdb0ac03ef3a2c64cef919d0_00.dat,0.00000796,65.3517,77.7329,68.4509,62.5210
02691156_fd0262e95283727d7b02bf6205401969_00.dat,0.00005131,71.9437,85.6452,75.1825,68.9725
02691156_e3fd510add7b1aa3c19eb6ab3736de88_00.dat,0.00019657,50.0353,70.1924,41.7680,62.3830
04379243_cf076ced8264a480cce90f0d61ed7a70_00.dat,-0.00000267,61.5283,72.3629,61.1922,61.8680
02958343_db29d4701a688d80283ffcfc40c29975_00.dat,-2.96000266,100.0000,100.0000,100.0000,100.0000
03691459_cc9edcabf65e42d3febdb1f263373824_00.dat,-0.00000498,64.3284,79.7474,63.9497,64.7115
03001627_d2c93dac1e088b092561e050fe719ba_00.dat,0.00023527,39.3708,63.6457,28.8727,61.8651
03636649_ec876529d01d4df490ad276cd2af3a4_00.dat,0.00020754,57.7333,74.2572,53.2036,63.1062
03636649_d08164b754c2f139b93e96f21cf0da86_00.dat,0.00039323,63.9377,75.8003,76.4396,54.9505
03001627_d2815e678f173616e6cfc789522bfbab_00.dat,0.00036197,43.3184,67.8491,44.6067,42.1025
02958343_d50fcb81298e51e4afe717997470b28d_00.dat,0.00025962,58.3596,76.7210,54.7851,62.4331
02691156_de29a1335c332a5ef7bc9a344bb7bae5_00.dat,0.00022543,63.3929,84.4477,79.2782,52.8110
02691156_d07277bc3c95a365bd46d022fd7d80aa_00.dat,0.00005066,96.7267,99.5885,99.2295,94.3470
02958343_d3518c00029f487f84b1aa0ed7e58be1_00.dat,-0.00000750,61.0572,76.0295,60.7867,61.3302
02958343_df1d1694cb98584cc23e2024862e7f3_00.dat,-0.00000793,61.9911,76.6297,62.1655,61.8177
02691156_d276954441de1e878a3d2bbe7d58317e_00.dat,0.00016882,47.2684,74.2008,38.6050,60.9450
03636649_f330eebb153447181735ea0e092a805a_00.dat,-0.00002946,71.3719,82.5100,66.3828,77.1718
02958343_dca1e82e7d39edcbc2c2c81e2232aa95_00.dat,-0.00000584,63.1635,76.5274,63.4225,62.9065
03636649_f4e1a4032b1686cec35131da26f8061a_00.dat,0.00092522,38.8370,53.1582,53.6091,30.4472
02958343_dbda3ad5d63a4570da3b4c3222e87c09_00.dat,-0.00000472,62.3656,78.0202,62.3277,62.4036
03691459_ecfb9655edf2b5297160646d65ba4383_00.dat,-0.00000352,65.8821,83.5069,67.1938,64.6205
03001627_d32f32d76d7f53bf6996454765a52e50_00.dat,0.00004232,58.9147,73.0483,54.8662,63.6082
02958343_eb9569bf211fa2c7774e0bc2f3636d5c_00.dat,0.00001875,61.9001,77.2066,62.7332,61.0888
04379243_e6cb8965b985b8a07eec403e4de3e723_00.dat,-0.00000283,63.3728,74.8225,63.2603,63.4857
04379243_d76d897ff334065a82130856eb48454e_00.dat,0.00022549,38.0336,64.4485,27.3317,62.5097
02691156_f9589c9b900fd33ef23c3116d040903f_00.dat,0.00005172,74.9233,85.5955,88.0373,65.2096
03001627_e5b0325d624a692467d783b4714d4324_00.dat,0.00022116,54.7190,72.7149,47.4858,64.5517
04379243_ecbb5a30557f659b2c528d33bca1ac2_00.dat,-0.00000406,60.7793,72.3490,60.8273,60.7313
03636649_e8927203fbdbe320c02170c33e00ea64_00.dat,0.00041187,43.4753,63.5495,79.8865,29.8638
03691459_cb904746fddde134b9e8bdc9c4a49aa2_00.dat,-0.00000482,64.9440,81.9917,67.5182,62.5589
02691156_e66692f2ec8ea898874f1daffc45b57c_00.dat,0.00008335,88.8853,96.6789,98.6618,80.8717
03691459_fb60dd3c36439d836d74ed7e4da4b6ec_00.dat,-0.00000474,62.9860,77.0713,63.7470,62.2430
02958343_e24f388736f4e6fd2cdd250493632937_00.dat,0.00030331,30.3904,55.2290,20.1541,61.7565
02958343_d2fb8f1c179dbf4e31269fbdcb80cff6_00.dat,-0.00000223,61.2555,77.3428,60.8273,61.6898
02691156_d639c8d2f55982558b96ae1a0a8b84ec_00.dat,0.00012700,81.4206,94.8264,91.4842,73.3516
03691459_d027e01fdb3830687ffb47acd56f396b_00.dat,0.00022934,41.9862,68.7679,30.5353,67.1784
02691156_faa361f642620bb72def37e9c0b35d0e_00.dat,0.00010486,86.5234,94.8694,97.3642,77.8549
02691156_f067fb1b12badf2b732bda87f2718525_00.dat,0.00015068,80.8606,93.6800,93.9173,70.9913
03636649_e529fc190753cc9df647dc544bb0ab61_00.dat,0.00024920,73.9241,85.2457,96.5937,59.8726
02691156_dbd74d18fa992eee7f1f82f6fc8747b8_00.dat,0.00016255,74.5574,91.1513,85.8881,65.8678
04379243_fc42d63af681a927e14dcb97ba059872_00.dat,-0.00000511,66.1391,78.6045,63.4225,69.0987
03691459_c280153b72c8e8ff571d223b2b8e4a24_00.dat,0.00061424,20.3804,39.9752,12.2060,61.7037
02958343_efd6fb6613bdd83bceadcf3f4d2227ab_00.dat,0.00019506,43.6734,67.2873,33.7388,61.9004
02691156_f04b62deb7737c86d37636af9c7bcc34_00.dat,0.00000222,63.2908,75.0482,65.5312,61.1985
04379243_ff212e47775ea7fe6a3056c8cad72d81_00.dat,0.00020722,55.3755,72.0165,50.8921,60.7252
03001627_f2dd3bc7d6c85a8f2813aa30be7ebdbc_00.dat,0.00030839,33.7047,57.6619,23.1144,62.2052
02691156_fe266c740580c102ff9ce0c50c2cd25a_00.dat,0.00008405,68.8489,83.4672,69.2214,68.4803
03691459_fa37905b884bdb169f69aafaa5236e51_00.dat,0.00033347,29.3068,55.7828,19.0592,63.3893
03691459_e031b24fd58c84c12633ff66beb9cf31_00.dat,-0.00000453,64.1301,80.9058,65.7340,62.6027
02958343_f478cd5a04d2220a25af19d380ae3a_00.dat,-0.00001125,62.4210,76.5547,62.4899,62.3522
02958343_eefce52130d223ba2dcbf88f7c685079_00.dat,0.00011160,61.8726,81.7724,60.1784,63.6650
03001627_fcd8163b26250f499fe49e672436bc45_00.dat,-0.00000460,63.7120,79.0128,63.0576,64.3802
03001627_f58ac8ac63d5a52d19fb4103277a6b93_00.dat,0.00046873,26.9374,48.0766,17.1127,63.2508
02958343_ec82b3c468b05ecf51a95aaa6caba1d3_00.dat,0.00004800,59.9650,72.7465,57.1371,63.0875
03001627_d86158642391ea7a150a331b054ed006_00.dat,0.00016718,52.1586,73.9395,45.0933,61.8494
03001627_d764960666572084b1ea4e06e88051f3_00.dat,0.00003120,59.7271,74.0260,57.5831,62.0369
03001627_f1b1c92f91d0e52bc68ff00665267e32_00.dat,0.00007369,72.5338,85.8043,80.2109,66.1979
02958343_dcdee01d7fe6e1a76ad064d1c5fdd7c_00.dat,-0.00000076,61.3879,74.4044,61.1517,61.6259
03001627_cdfd278e8b1c11bfc36d58d0f13497a0_00.dat,0.00020631,48.5892,69.2542,39.7810,62.4072
03636649_d3ca8a5d2e8c8ba4a320e34dad7c78bd_00.dat,0.00036683,27.8043,51.2503,17.5588,66.7564
02691156_f009f3112625ee00b8cf782e8c539948_00.dat,0.00013786,80.2156,92.2734,93.1062,70.4603
03001627_fe6b3c001a86d844d5767a0de8dd037e_00.dat,0.00025070,59.3429,74.6966,55.3528,63.9529
03636649_e1fe4f81f074abc3e6597d391ab6fcc1_00.dat,0.00541123,34.0832,43.5665,41.0381,29.1441
03636649_fbd59db93e38bdafc8687ff9b0b4e4ac_00.dat,0.00016123,57.7453,79.4508,53.2036,63.1348
02958343_de1564379b1315a3efadfa67efa023c_00.dat,0.00017924,45.7960,71.6205,35.9692,63.0105
04379243_e97106cc8bd3ef5730bbd4cddd04c77b_00.dat,0.00023701,41.8735,65.6439,31.8735,61.0172
02691156_de7cc3442b1775d46559a92f80e3672e_00.dat,0.00035020,63.5136,74.5622,57.7453,70.5621
03001627_eb59a4b8deddc6f659fe320c015eae2_00.dat,-0.00000570,65.7027,77.9475,64.3958,67.0637
02691156_d18592d9615b01bbbc0909d98a1ff2b4_00.dat,0.00009189,88.1849,97.0342,97.2019,80.6988
03691459_f6d4918c7dd190447f45370489ca3156_00.dat,-0.00000282,66.0875,83.4610,67.6399,64.6048
02691156_fd67c89ff247f9e7442ed26ceeb35a60_00.dat,0.00009013,67.9354,82.7843,74.7364,62.2689
03636649_f5a121812ce16ed2578f5640449b6f5_00.dat,0.00150029,32.6020,47.7112,51.6626,23.8154
03691459_ec0a8e2fa00a746dfe74514a9fcabaf8_00.dat,-0.00000534,62.7452,81.3668,60.5839,65.0663
02691156_fcbdaf6100aad67d5abb92fce0f1ced2_00.dat,0.00020480,63.4903,83.6666,94.6472,47.7662
02691156_d438a4539d8068fd44601c64497858af_00.dat,0.00028901,56.4542,77.4865,72.4250,46.2545
04379243_fe2aee5ff66e4fe8d5f95109c85d2816_00.dat,0.00030842,53.3486,69.8637,46.2287,63.0608
02691156_e6ed2c677e158daa1059f490634fcf62_00.dat,-0.00000191,63.9741,76.3255,64.3958,63.5579
03691459_f982748287ef2c7ace029fab54b6cfbd_00.dat,0.00040958,28.7520,50.7585,18.7753,61.3531
03691459_ca545c7c3bf38891af3caf4aab91511c_00.dat,-0.00000757,66.3384,84.0204,67.5994,65.1237
03001627_e767b27d6625f905e9af7c2087a87b0e_00.dat,0.00012562,58.1835,79.3326,53.0819,64.3699
04379243_e026b4997f7d037c39d3717288022c20_00.dat,0.00008938,63.7989,79.7096,67.2344,60.6974
03636649_eb1c735af1339e294b3c42e318f3affc_00.dat,0.00208680,51.4091,61.1767,49.0268,54.0348
02958343_f689884daef74102179b497eb9b2101f_00.dat,-0.00000390,62.8488,77.1504,63.9092,61.8231
02958343_f619386a770a06dc2f732d6dce34e9b3_00.dat,0.00036395,27.2667,50.1053,17.5588,60.9829
02958343_cd85df142f1999e5f38ed4497f2c53c_00.dat,-0.00000382,62.9891,78.0431,61.8410,64.1805
03691459_fd11b075bb1df4b01f1c09aefb59ebea_00.dat,0.00021251,42.3237,67.4697,31.6707,63.7756
03691459_de68b68a234de1a0ea2f8efb8b3faa3_00.dat,-0.00000624,65.8560,81.0092,65.7340,65.9785
03001627_d8edf163d5f87b055369e32fb818f337_00.dat,-0.00000021,63.7361,77.5765,63.0981,64.3871
04379243_ecfb5ad31b6e40b72b70eac6546e93fd_00.dat,0.00000428,62.4007,75.6378,61.7194,63.0972
02691156_e3c26c3920b93f36eb7fefaef8eada2b_00.dat,0.00011591,83.5772,95.0667,93.7145,75.4190
02691156_e5a7a353d5fa8df844b2fa2cac0778f5_00.dat,0.00000168,66.2070,77.8738,64.3958,68.1230
04379243_f6e56ad2fe9e6c30253be0083bb3c718_00.dat,0.00008962,67.5120,80.0282,75.5474,61.0215
03691459_d1274fdcd4f8a611fe10244ee697dc96_00.dat,-0.00000555,66.8285,85.7553,66.6261,67.0321
02958343_cedc65050061eae4fcbb9323f0bad63d_00.dat,0.00025856,37.1909,60.3108,26.6423,61.5674
04379243_ce4e075487aa05ecdcfcef693e7ec696_00.dat,0.00010077,64.3719,80.6648,65.6529,63.1399
02691156_e9b29777e840e1fb63737f7c5d9fc39b_00.dat,0.00022710,58.6492,75.3894,54.5418,63.4257
02691156_f5cc091bacb338c6951971f8370d9050_00.dat,0.00018600,71.4384,87.9309,77.2912,66.4096
02691156_f214cf57d5d5634960e1e93111ad3e76_00.dat,0.00043599,50.2494,71.0196,62.8954,41.8374
03001627_e84b5bbe91e0636cb21bc3cf138f79e_00.dat,0.00018346,50.6032,72.8555,40.6326,67.0582
02691156_ed35478403ae873943cf31d2bcc8f4_00.dat,0.00013982,77.4037,92.2732,90.6326,67.5447
04379243_fead7e0c30a347b1710801cae5dc529_00.dat,-3.26685667,100.0000,100.0000,100.0000,100.0000
02691156_d940f33afc01ff036da97d9f744f7e97_00.dat,0.00005692,74.4960,84.3611,87.9157,64.6306
04379243_dd2c3ff28a34556a47839bae1bc65257_00.dat,0.00012995,58.7164,77.9935,56.4477,61.1751
03691459_d9b205873345a9b35234ceed4dc815_00.dat,0.00221056,15.4274,26.1619,8.7591,64.6286
02958343_de0cbca344b9de834f36122a581b2941_00.dat,-0.00000391,63.4193,79.9838,64.3552,62.5103
02958343_cd5223d35c9cf611ea7efa739175072_00.dat,-2.22826481,37.9763,64.8397,23.4388,100.0000
04379243_da9ff1881e8d59847d76632660780a8c_00.dat,-0.00000125,61.6567,73.0106,60.7461,62.5949
03001627_cf662e6564c5c3c5ce60514f9a637ce_00.dat,-0.00000407,64.4860,80.5619,64.8418,64.1341
02958343_d5d47fe322179a83473f10e6caaeca56_00.dat,0.00001391,61.5402,77.1686,60.2190,62.9207
03691459_ee2d8d72b555df84ad5d27efc990ebb2_00.dat,0.00011271,59.6809,82.0117,55.0689,65.1359
04379243_d799cc222f34fc0879bb09dc5605a57_00.dat,-0.00000319,61.6073,73.0210,61.6383,61.5763
02691156_d5ad529ad399086e4e9a6f7cd468e49d_00.dat,0.00012973,81.0559,94.5234,87.5507,75.4582
02691156_e27229a5f83b0ac96ece6611a5309fa2_00.dat,0.00007902,67.0373,83.2491,71.5734,63.0419
02958343_eee2c0e2912f27b15a49026b22f63b06_00.dat,-0.00000938,61.3085,76.8794,61.2733,61.3438
04379243_ffc75a8bdb88c751b7fbcb21c074906c_00.dat,-0.00000129,61.7919,73.0714,60.5028,63.1371
02691156_d5e01850a9d1f3ac5fb48d488d5dfafd_00.dat,0.00011880,88.9144,94.3467,94.8905,83.6464
03001627_ff969b22a8de5eac30e06a011e63236a_00.dat,0.00014944,62.2364,80.2878,59.0024,65.8455
03636649_da09a8c73054e9220ca3aeb14e36a45_00.dat,0.00030592,31.0011,56.0404,20.6002,62.6150
03636649_e685cd3f7a980812e94026ea66f4d4bb_00.dat,0.00047235,51.2703,68.4050,72.5872,39.6316
03001627_fdd7090f3ca12395a7ae19ac44244eae_00.dat,-0.00000448,62.2789,77.3105,61.3544,63.2317
03636649_fa9dc903c8324b85e3d605ae370b7c5c_00.dat,0.00012574,56.0023,76.6627,50.0811,63.5114
03691459_f2e521a8d08e2a2f20363e2561dd589a_00.dat,-0.00000423,63.8192,80.8559,64.9230,62.7523
04379243_dca821b9d2fed090f51f77a6d7299806_00.dat,-0.00000459,63.9165,78.4031,62.9765,64.8850
03001627_d9a1f2e7290cd2c3baab0c7159046dc4_00.dat,-0.00000359,62.3746,79.7471,61.6788,63.0862
02958343_d4a9b69ee909f6f84fa20c487758ba8c_00.dat,0.00035846,27.3463,51.0493,17.4777,62.8133
02958343_fe3dc721f5026196d61b6a34f3fd808c_00.dat,-0.00000460,60.8167,74.4485,60.6650,60.9692
03636649_ef9e0709f535c549b3914c1351b16c4d_00.dat,0.00023232,65.5901,78.0852,59.2863,73.3939
03691459_fa98563736440326ce1db673cf70420f_00.dat,-0.00000259,63.3188,80.9658,63.8686,62.7783
04379243_d5c3aa73e043303b7ff6ace05b36a5_00.dat,0.00006886,69.7484,82.1682,80.5758,61.4861
03691459_d8ce373c4ad4e6913caae5373ff4181f_00.dat,0.00038678,21.6429,43.2822,13.1387,61.3567
03636649_df908dc58159c82b1b3ffe2c05ec7aca_00.dat,-0.00000702,63.9145,79.3518,62.8548,65.0105
03001627_d46e16509b1c91b3933dc172307a6bb9_00.dat,0.00015801,58.6276,74.2035,56.2855,61.1732
03636649_f274cbff23bda61a85024815e816c655_00.dat,-0.00000095,63.1552,74.6959,64.0308,62.3032
03691459_cf7a2cb0c487f3a0bd1cba733b111584_00.dat,-0.00000138,62.5362,79.1184,62.0843,62.9947
03691459_e6e7c3e1b887d2a1751b29c8fc6f20c_00.dat,0.00018387,44.6474,69.4922,34.7526,62.4193
02691156_ff28d340bf0b5d9387b2a887422ab97_00.dat,0.00005221,73.3354,85.8674,85.8475,64.0065
02958343_f1dd07a9a66b86bd2350421a9405ba_00.dat,0.00025375,34.5470,60.7300,23.8443,62.6826
02958343_dda10fc985eea0868c368040825ed335_00.dat,0.00014160,54.7627,78.6256,49.3106,61.5702
02691156_e8d5a3e98c222583d972c9dd75ed77d4_00.dat,0.00004164,75.6233,86.0006,88.2806,66.1404
03636649_d16bb6b2f26084556acbef8d3bef8f28_00.dat,0.00042715,45.2082,67.8783,52.1492,39.8978
03691459_f7366c0025b2eaabf5fb60584950565b_00.dat,0.00060084,15.6418,32.2341,8.9619,61.4311
03636649_e2343ffc39e5f4bf85a18a4e86f89dc9_00.dat,0.00017122,87.6468,92.7399,91.5247,84.0841
03691459_fe613d2a63582e126e5a8ef1ff6470a3_00.dat,-0.00000872,62.0713,77.9289,61.9221,62.2211
03691459_e7af5657b90b9a73558880eed6ddb84a_00.dat,1.74520183,0.0000,0.0000,18.4915,0.0000
03691459_e1b3bb54b9855f12d88a3e0e92891ad5_00.dat,-0.00000220,63.1961,78.1335,63.5036,62.8915
02691156_fe00bf68a2cd32b6dd455eb19d4d269e_00.dat,0.00021861,42.6186,65.3852,32.6845,61.2283
03691459_cf42a073500a1a222a9eb0f146e94477_00.dat,-0.00000644,64.2930,82.3657,63.9092,64.6816
03636649_d543465b35604aae1735ea0e092a805a_00.dat,0.00017514,46.9718,71.7265,37.1046,63.9882
02958343_f48659c519f422132d54e7222448a731_00.dat,0.00041246,21.5174,42.5980,13.0170,62.0132
02691156_ea527508bb74f476f64801ad2940cdd5_00.dat,0.00042350,48.7618,69.8003,52.0276,45.8817
02691156_efbf3d4c8877e7dc7ce8c809505eca2f_00.dat,0.00024198,62.5166,81.8432,76.1152,53.0405
02691156_f0b22be59432dc8bca8607f540cc62ba_00.dat,0.00016920,76.1083,88.7721,99.4323,61.6475
03001627_e0df9f745fe38b389bac1502ed0eb150_00.dat,2.29890823,0.0000,0.0000,26.5612,0.0000
03001627_f1787517791764e74b3c42e318f3affc_00.dat,-0.00000894,63.8667,79.0184,63.7064,64.0278
03636649_edce64335e42ac2f58452382da1a79f3_00.dat,0.00004733,99.7691,100.0000,100.0000,99.5392
03691459_ff9590ccc2613d6c332d76467c18dfde_00.dat,-0.00000101,61.3785,72.7460,61.3950,61.3620
03691459_f0629a8139a9ba04f398d0c5832df00e_00.dat,-0.00000567,67.6447,85.1955,69.3836,65.9908
03636649_e5fa327c14553b11e589b08489d157d_00.dat,-0.00000853,62.3607,75.8685,62.9359,61.7959
03691459_f289aadb7cdf59daa62fb160d742c45_00.dat,-0.00000379,63.4222,78.7214,63.1387,63.7083
03691459_cc6ebcef8d2e674690146e2a0489a257_00.dat,-0.00000262,61.5548,76.2074,61.4761,61.6338
02958343_dce6f59b6ab987d4bc863bdef4e7bdac_00.dat,-0.00000462,63.1886,79.0470,65.2879,61.2200
04379243_e14e867c0cfbf1f42cef66bb37b0cc33_00.dat,-0.00000009,61.3916,72.3803,60.5434,62.2639
03636649_fbb4a4faa8f2faedd661ff085a0f14b7_00.dat,-0.00000372,64.3776,80.9280,66.0178,62.8169
02691156_e53547a01129eef87eda1e12bd28fb7_00.dat,0.00036956,58.7745,72.3749,66.2206,52.8336
04379243_d6ef0aa7b674c171fb4f26e87f6a6814_00.dat,0.00015872,59.0900,76.6274,55.0689,63.7445
02691156_f4a5b28233523a4e588ed1d0f708d42f_00.dat,0.00013710,55.3443,77.5057,48.7024,64.0839
02958343_e204a8debddfe892cf6133aaa55cd0a8_00.dat,-0.00000396,61.0688,76.1351,61.2328,60.9057
02958343_f6938403b22b3d4ded3696d854eee1ec_00.dat,-0.00000252,61.8802,77.9668,61.7599,62.0008
02691156_dacb447d7820e7f7ca8607f540cc62ba_00.dat,0.00008935,89.4155,95.4641,98.9862,81.5324
03636649_eca8e4d9645271fa37b2bb75885cfc44_00.dat,0.00011053,88.1474,96.2467,95.2555,82.0265
02691156_e41c5719ad09055f1b880c747ee1f83_00.dat,0.00008938,69.6967,84.2549,81.2652,61.0114
03636649_f2f6fbeacda7cbecfcb8d8c6d4df8143_00.dat,0.00015602,55.2946,75.2186,50.2028,61.5358
03691459_ef71576ad5262c4ef398d0c5832df00e_00.dat,-0.00000271,68.5773,86.2550,67.4777,69.7134
03691459_f5c62c89e8fbb245ce6c2bd14b4c7ba4_00.dat,0.00035399,42.5091,67.0610,32.2384,62.3834
03691459_fbcef568b50216e3e180a1a604561d3b_00.dat,0.00022624,41.1665,67.0892,29.8459,66.3228
02958343_f47648505dd90beb2b89278194465422_00.dat,-0.00000226,61.2344,73.4925,60.6650,61.8146
03691459_fe13f67712bc5e4a1b02cde7e81f0fc3_00.dat,0.00041869,27.6047,48.4144,17.5588,64.5161
03691459_f4290921bda21901caf9cf929ed6f71c_00.dat,-0.00000830,61.9511,79.7639,61.6788,62.2258
04379243_ed2d7f09d80ec3a259577d199a67fd7_00.dat,0.00013125,55.4469,75.6706,50.3650,61.6695
04379243_d08ea9c1e5b9c2687bcae7a654cc37_00.dat,0.00014063,54.2712,75.1610,47.9724,62.4741
04379243_e38b1f4d210fb038c97f93e2910df644_00.dat,-0.00000967,64.0597,81.0720,61.7599,66.5373
03636649_d97a86cea650ae0baf5b49ad7809302_00.dat,0.00006711,73.8859,86.2423,83.4144,66.3110
03691459_ea95cdbe8f4114107354c46aadb2b2fd_00.dat,0.00042028,21.1866,40.7987,12.7737,62.0602
03636649_f40624156dcbab68620a56d13e6d773b_00.dat,0.00000525,65.8067,79.1644,64.1119,67.5936
03636649_f6425a421a497aad6cc679ef84e06ad6_00.dat,0.00027533,52.7247,73.7401,45.2960,63.0680
02691156_d3856a35d1fb8536d8e727806889c9b0_00.dat,0.00010820,67.0423,81.5547,71.5328,63.0822
02958343_e24c3371a746c198780918fc1f22fb25_00.dat,0.00012751,58.4169,79.0769,55.2717,61.9417
02958343_dc8765720d8d3828b3cf5236f651a8e6_00.dat,0.00008270,67.7909,84.7663,72.1411,63.9355
02691156_f986604528abe35554eefcdc602d4520_00.dat,0.00008996,87.9479,96.3881,98.5401,79.4118
02691156_fbe213adb802384db443c685f436f80e_00.dat,0.00017884,64.2353,75.6829,61.4355,67.3026
03691459_e767a0e8df4e41f4b3b44ad99a214777_00.dat,-0.00000287,65.3706,83.0081,66.7883,64.0119
02691156_d984822941e7a768c231d70e1e0cc567_00.dat,0.00054080,45.5069,65.9034,57.5831,37.6178
03636649_d3380ee3db68aefb3f214ef9c53ac06_00.dat,0.00158257,35.2528,47.5313,29.2376,44.3841
02958343_e01c7318c6b11647faeea7738551d104_00.dat,0.00031874,32.1804,54.9687,21.8978,60.6685
02958343_e366113f8182a1f07d78cc65dbe486c0_00.dat,0.00002685,59.3449,71.9754,57.9886,60.7661
02691156_da7354a90e6596e6139336f03eb955d2_00.dat,0.00008759,68.4500,84.8232,70.3974,66.6075
04379243_f31398b4a1f8562f9297752c3edd590_00.dat,-1.75908101,39.0865,69.3510,24.2903,100.0000
03636649_e293003f297e155624d1b7c6bfe44fcc_00.dat,0.00007111,95.2183,97.7218,99.0268,91.6918
02958343_f36e62667b59604b8d4dd801ae3ebcd1_00.dat,0.00013185,57.3601,80.5796,51.6626,64.4701
04379243_f7a0f1e7e03fba8c9628f611995a13ab_00.dat,0.00011545,64.5434,80.4788,66.9911,62.2682
02691156_e033b6ad34586a86cc1c9e8218bfe7fc_00.dat,0.00001674,64.0016,75.1562,63.3820,64.6334
03636649_d4498a4ba89b9a0d4a73e364671ba824_00.dat,0.00095009,51.9968,64.5856,51.1760,52.8443
03691459_f57c5e8f460e659f395ea88528a634f_00.dat,-0.00000262,70.5678,87.7309,73.2766,68.0521
03691459_f9a615ecebfe7ae1b27175774c9e33e9_00.dat,0.00005389,64.4812,76.5674,66.7478,62.3636
03001627_fc4d15c15c56aa7baab4888e25356418_00.dat,0.00027375,53.7611,74.0147,45.6204,65.4382
04379243_e2a2fe3713803e9e04e2b29e7a72f7_00.dat,0.00000912,60.9545,72.2236,60.9895,60.9195
03691459_fd4b2e3a6caf4706a817854e3b5b5439_00.dat,0.00000315,62.7878,77.6569,61.2733,64.3790
02691156_e85cd06b4a14d3ffbc0909d98a1ff2b4_00.dat,0.00006730,69.4785,83.7978,78.6699,62.2101
04379243_d819fc4d86af592f7394c9d8807c7bdd_00.dat,0.00044028,35.4403,55.3709,25.0203,60.7335
02691156_d9d282f79262ebd4c3a35cee92bb95b_00.dat,0.00009581,87.9954,98.3560,88.9700,87.0420
03636649_f77abf171ff5968720331d4c3b7d944e_00.dat,0.00000900,61.2268,75.7957,60.0973,62.3995
02691156_f9a8c5ae39362284d538ebc793e748b2_00.dat,-2.17092109,70.7208,73.7650,54.7040,100.0000
03001627_f891816329ecee93774476b2e205b9b7_00.dat,0.00015245,54.1917,76.0592,47.3236,63.3917
03636649_d385523f0cd93d48d6084fb53091249_00.dat,0.00022478,63.9289,77.8958,82.6845,52.1088
02958343_e4d52a1ed8a5fd5d2028f7faa8f66469_00.dat,0.00046931,28.3261,50.4155,18.2887,62.7838
02691156_f0e7808ee55510be1a7dd57f67482196_00.dat,0.00010325,65.5465,81.8804,68.0860,63.1897
03691459_e8ffa936875c7b3a7ffffd2e0fcbbf0a_00.dat,-0.00000348,66.2713,83.2760,66.5450,65.9998
03001627_f2ef238e2e4615e92cf8e80367b40c9a_00.dat,0.00000221,65.1359,80.8412,63.7875,66.5424
02958343_fca073c5911995fce2c7676194911e11_00.dat,-0.00000179,61.0523,73.3079,60.8678,61.2380
02958343_d8f813278a49463db203f960004c7382_00.dat,0.00000483,62.0629,76.0698,61.5166,62.6189
03001627_e279758e8a5b6a8d492d9da2668ec34c_00.dat,0.00001077,64.8673,76.2457,65.9773,63.7940
03691459_fa6e17f7f928e8a44b2f94f4017fbbbb_00.dat,-0.00000471,63.9145,81.0354,63.1792,64.6671
04379243_fe5e1df0653804d6ce4670b160b81e9_00.dat,0.00015632,50.6923,71.9735,43.1468,61.4362
03691459_f1175bec19adeadde188dff443a0c2ac_00.dat,0.00044307,30.8507,52.7905,20.5191,62.1381
02691156_d390f0246fd43cc8bd46d022fd7d80aa_00.dat,0.00008173,91.9726,97.6092,96.3098,88.0092
03636649_ea5ae3cfd142c3b923f93f957094a824_00.dat,0.00020441,40.6664,68.0783,29.3593,66.1380
03001627_fdd21f7f2ca9f0bcbdcbca499b446e89_00.dat,-1.81459677,72.3602,90.4730,56.6910,100.0000
02958343_d8e27b2b10e2a87c45b2d64b440991ad_00.dat,-0.00000752,61.3576,75.9011,61.1111,61.6060
03636649_d52bcf6a2c75ced5fcb8d8c6d4df8143_00.dat,0.00012282,58.0661,79.4188,53.4063,63.6166
03001627_e9ccf4cc84c085f8c785f06f424b9d06_00.dat,-0.00000292,65.4972,77.6233,65.1257,65.8730
02691156_fe0eb72a9fb21dd62b600da24e0965_00.dat,-0.00001103,65.0669,76.6164,65.6529,64.4914
03691459_f5024636f3514eb51d0662c550f8f994_00.dat,0.00031169,36.7711,63.8767,25.6285,65.0553
03691459_ef720d2b2de59184e775d184845c9f5f_00.dat,-0.00000175,63.1660,78.4360,63.9092,62.4400
03691459_cf45708ed1ed436970f2559ee6f59e37_00.dat,-0.00000435,61.5687,74.9907,60.6245,62.5428
03636649_e94643bd9c777491d49b2e04785f8492_00.dat,0.00000458,62.3160,74.8861,62.0438,62.5906
03636649_e4e93d5bfcfac3d72518f0b5d8933d6f_00.dat,0.00045763,56.6481,72.4744,67.1938,48.9635
03636649_dda91a2215130be16035905876bb696_00.dat,0.00071865,49.3286,62.7593,39.1727,66.5933
03001627_f4db2e2e90e83c759b9f2eb77f5e247e_00.dat,0.00010805,59.2469,80.1812,56.2044,62.6376
03636649_dfe800d8d8642e9647bc3701b998a7d5_00.dat,0.00013494,59.4259,78.6566,56.4071,62.7861
04379243_f9ac7801460434b271140e10b6211a6a_00.dat,-0.00000325,60.8473,73.7077,60.6245,61.0718
02691156_de45798ef57fe2d131b4f9e586a6d334_00.dat,0.00011941,82.2295,95.8631,86.2530,78.5646
02691156_de519752147a225032387cdb9b2a84d5_00.dat,0.00016778,51.0237,73.1080,42.9846,62.7615
04379243_e36e90c1db6bf1d5470412e9b69c8933_00.dat,-0.00000192,61.5644,74.9260,61.4761,61.6529
04379243_e74841627e110e98d9de0de5dc66ab1_00.dat,0.00000634,61.6281,72.4620,61.9627,61.2970
02958343_f6fc9ea6714db4b787dc1da2515df8f7_00.dat,-0.00000071,61.5224,73.1999,61.4761,61.5687
03691459_fe4ed2d72cc79c74b59e9758ae7f41a7_00.dat,-0.00000631,65.0131,82.0427,67.1533,63.0051
03001627_fc131dfba15fafb2fdeed357dfbe708a_00.dat,-0.00000478,61.0095,72.8949,60.9489,61.0702
03691459_dbb3db217511d9cbfb906a2c84fd375f_00.dat,-0.00000472,69.3229,88.3392,70.3163,68.3572
03001627_d04d854533d618fbfebad4f49b26ec52_00.dat,-4.47568130,100.0000,100.0000,100.0000,100.0000
03691459_fae47d104b9111aafd949ebbd292d47_00.dat,-0.00000630,64.8393,82.5916,63.7064,66.0133
02691156_e380f6fa720e1c15560a4691498bd2fc_00.dat,0.00013242,80.1382,92.7196,92.7413,70.5507
04379243_fc95d34ab1afb92b9118eee0b123125f_00.dat,0.00036526,40.3297,61.1075,29.8459,62.1667
03001627_d0d786244fc2d7a9ecf03af5e7a1277b_00.dat,-0.00000264,62.5586,78.0255,63.1387,61.9891
03691459_f6958e13ea65bd521b45df3fb820c9cc_00.dat,0.00013946,56.6900,80.8291,49.2295,66.8157
04379243_f9f122b492c3f1273084c5a9cbef5cd_00.dat,-0.00001075,63.9194,80.3890,65.0852,62.7946
03691459_f4ecacfd4fd61afceb34db531a289b8e_00.dat,-0.00000511,61.5524,81.0127,61.1922,61.9168
04379243_f708d5284928431355ce350c1c834503_00.dat,0.00009922,65.2739,82.2554,65.2474,65.3004
04379243_e7abcb9f3d5876962b70eac6546e93fd_00.dat,-2.16192317,75.6430,92.0552,60.8273,100.0000
03001627_fb5ba735ef95fe417ca68e217a316e15_00.dat,0.00014695,55.6679,75.6062,50.1622,62.5313
02958343_ddaac4ca85ba61239bbe806a4e34e034_00.dat,-0.00000568,62.7815,78.0861,61.8816,63.7079
04379243_e9a68d0ad5177d24ba5342d638d0c267_00.dat,0.00047270,35.5354,57.4292,24.5337,64.4267
03636649_d526a340408764d8ec0f2eef0b7e551e_00.dat,0.00016849,67.6457,77.0716,70.1541,65.3105
02958343_cbeb8998de880db684479d4c559a58d2_00.dat,-0.00000325,62.0667,76.4529,61.3139,62.8382
03691459_e75c0fb00d2b70ef1aadbcf355bd688f_00.dat,-0.00000168,74.1761,89.6543,78.9132,69.9754
03691459_f529e7d74d5ec3d9a1bb636e72c59b32_00.dat,-0.00000348,62.8917,79.3965,64.0714,61.7547
04379243_faa05897ccdaa0e4f51f77a6d7299806_00.dat,0.00043487,47.4543,65.1014,38.6861,61.3620
03691459_cf85a8c74cb76caf1574d21c0c95092f_00.dat,0.00032751,32.3269,54.7529,21.8978,61.7232
03636649_fa853b92d9a5cb66168e1d639d85c126_00.dat,0.00005099,74.4586,88.6263,89.0511,63.9752
04379243_e588e603f5d0e366490ad276cd2af3a4_00.dat,-0.00000701,61.5276,73.2796,61.0706,61.9915
04379243_f294a34bf1c9ebb7f12d7184a2ad3430_00.dat,0.00013133,60.7434,77.8880,57.8264,63.9704
02691156_d708c311bcd60e61c9ac656f0c2edc4b_00.dat,0.00039907,44.4002,63.1586,33.0495,67.6262
03691459_fff40d102ca88fdb52648dc23b25b1d_00.dat,0.00000186,62.5286,77.0353,62.2466,62.8132
02958343_f34c03711c3fc44ac10e9d4ee4bae4f4_00.dat,0.00033574,31.4499,57.2171,21.0868,61.8428
03001627_d490f77bed3bded5af7c7ad2549a1b15_00.dat,0.00022026,64.0616,78.3983,64.5174,63.6121
03001627_d18f361e22f7626b707cdefe012d0353_00.dat,0.00047117,50.0886,70.4031,41.1598,63.9645
04379243_ec59bd4b5288991e9bb952e15a37e248_00.dat,-0.00000141,63.6033,80.6008,63.9497,63.2606
03001627_d29c14f180ce319f71271c0017c27c86_00.dat,0.00028429,34.4468,59.4102,23.7226,62.8663
04379243_e1c190513b084f4c4804b5831b58a04d_00.dat,0.00008757,64.3750,80.6903,67.4371,61.5788
04379243_fba0f822f16932aa10566a0096ed09d_00.dat,0.00010841,60.5201,78.8624,58.3536,62.8537
02958343_e75dcc7eb0a60728becf71e2e014ff6f_00.dat,0.00000310,62.9105,77.2426,63.1792,62.6440
03001627_eb89f3b0af31bf40a97cde0b3996ce62_00.dat,0.00004152,60.6500,77.7281,57.9075,63.6651
03691459_d088d0b4cbf1d8447b041fd2144f3532_00.dat,-0.00000888,62.0195,78.9254,62.0438,61.9951
02958343_d01aa42aaf973be5f200a72c9245aee7_00.dat,-0.00000734,61.6953,77.6379,61.0706,62.3329
02691156_eb60d49fd5cdb809e6a2524c335c48f9_00.dat,-0.00000540,67.4130,80.2891,68.0454,66.7922
03001627_e6408c4be8e6502837a346dba83c013b_00.dat,0.00007815,67.7792,83.2849,73.8037,62.6640
02691156_d30689ca6cdf2601f551b6c3f174499e_00.dat,0.00036337,47.5293,68.1606,37.0235,66.3594
03691459_d8f6aaa777f0cd4f5a31d91ec836a511_00.dat,-0.00000543,62.3424,76.2759,63.0576,61.6432
03636649_d60a54564aa1856fb18d6f615cb18bdd_00.dat,0.00016340,70.4847,88.2241,96.7964,55.4201
03636649_e8e2c055f8ea53a144638317e9e4ff18_00.dat,-0.00003546,79.7317,86.2585,76.1557,83.6601
02958343_ee1d28a50a2b71e129348d14ca881f7d_00.dat,-0.00000701,63.2316,79.0863,63.7470,62.7245
03001627_d5e1c6d3e6ce16ca8f5bf896c08c419f_00.dat,0.00026906,45.7699,66.6315,35.6448,63.9296
02691156_d4849eddcd93569ac119f94203b4868c_00.dat,0.00006702,94.2315,99.6963,96.2287,92.3155
03636649_f835c863f175df72fcb8d8c6d4df8143_00.dat,0.00010982,67.3616,81.4591,73.2766,62.3303
03636649_dde3b4bb9fb1ad25e0d089cf3411494c_00.dat,0.00095709,43.2620,61.4390,31.5896,68.6155
04379243_d157a0598ef5c33416e09341cb9bfb7_00.dat,0.00003678,61.2369,74.0565,59.5296,63.0449
02958343_f9d569cab438b65266751c4836bbc1b3_00.dat,-0.00000002,61.3429,74.7524,61.3950,61.2908
02958343_d967be366b99ac00bac978d4dc005d3_00.dat,-0.00000590,61.1336,76.6504,61.1111,61.1562
02691156_da26509e7d1864a162b600da24e0965_00.dat,0.00008434,89.7969,97.5719,96.7964,83.7414
02958343_fccb58285e854d87775cb3ac197f5bcd_00.dat,-0.00000420,61.8046,76.6709,61.1922,62.4293
03636649_f018f4d78d295ef3a78d991d8e8834d0_00.dat,0.00020680,40.7991,66.9977,30.0081,63.7091
04379243_f1252c297d7ad9a47c51ec7d2716b33d_00.dat,-0.00000033,62.5424,75.1623,62.7332,62.3528
03636649_dfd06ea82f5a5b324aeb986669a16017_00.dat,0.00084108,51.6962,62.6818,60.1784,45.3097
02691156_eaa0d465e9d0c16acfbf0f1430c86945_00.dat,0.00016019,60.1276,76.7485,56.6910,64.0077
03636649_e93f10a58e0da99bb2920cf5c60c4da3_00.dat,0.00018533,68.2069,87.9346,83.6577,57.5736
03001627_eb29a065b495dffc85528d560ddea455_00.dat,-0.00000386,61.7128,77.7189,60.8678,62.5816
02691156_ecd19c1f74064962c6603e997b54421a_00.dat,0.00008542,89.5076,97.0264,98.4185,82.0763
04379243_ce1c3321de30433b16ec4c6284dcbcbe_00.dat,0.00000359,62.1469,73.8859,61.5166,62.7902
03001627_f2934658407472a92ce025aebfea84a4_00.dat,0.00001141,62.4423,75.2312,63.2603,61.6452
03636649_dac3843c8f77b34362a510b8f97c658e_00.dat,0.00009728,64.8082,82.2857,65.0041,64.6136
03691459_e7560ac665c6fedc7d54ddaedba43004_00.dat,-0.00000038,65.7274,83.5319,67.5588,63.9927
02691156_d31a0f4f945775de5823df672991ed66_00.dat,0.00009675,88.1370,96.2778,94.8905,82.2809
03001627_db86d16a95437f3898cfd47a860803c5_00.dat,0.00034752,34.4955,57.3482,23.7632,62.9065
03636649_d8a5c77da4c92921f7258dec1a592c96_00.dat,0.00008454,72.2437,86.3907,73.5199,71.0111
03691459_d12ec06509389e01574d21c0c95092f_00.dat,-0.00000794,64.0785,77.6763,64.5174,63.6455
02958343_f5474030b9956ba078a20fe14185667_00.dat,0.00013562,54.7954,78.8473,49.3917,61.5266
02691156_feb0bd0dcd155af4cc34b900bb2492e_00.dat,0.00002591,62.6621,76.6159,61.3544,64.0267
02691156_e899c19c87245ac94c3a35cee92bb95b_00.dat,0.00015533,74.5156,90.2230,97.4047,60.3370
02958343_d09abaf885df3be0616d27151166e25f_00.dat,0.00022090,41.5809,66.3720,31.5491,60.9671
03636649_d83fc71f3978130e335fe03ac3704320_00.dat,-0.00005290,87.1753,93.8818,85.1987,89.2458
02958343_cf4c819d9deb6533108499aad0a89b28_00.dat,0.00026524,37.6435,61.8050,27.0073,62.1000
02958343_f2d59ef6fd8c5914c4693958b3d0ba07_00.dat,0.00015771,51.8396,75.8030,44.5661,61.9503
03001627_cd939609247df917d9d3572bbd9cf789_00.dat,0.00043315,39.2545,60.3036,28.0211,65.5217
02958343_f98296894b01650033529abacbef3013_00.dat,0.00028646,30.9850,57.5422,20.7624,61.0381
03691459_e47b83b94a1956ad7a16fcc398700938_00.dat,0.00034621,32.7752,54.1562,22.2628,62.0972
03636649_f6a7d85ccca5e5e34a6ecce2eeb45768_00.dat,-2.74285674,70.4151,73.4736,54.3390,100.0000
04379243_f21154a95d49ca29e6c5cd45aa112726_00.dat,0.00008398,63.5815,80.6880,66.2206,61.1447
02691156_dd65065e6e2d31d62e350437b1fc5163_00.dat,0.00010627,62.9487,79.3471,62.2060,63.7094
02958343_f7ef98cae9f1073f21a66e8dfcce514a_00.dat,0.00029071,33.7344,59.5460,22.9521,63.6220
03691459_fc6066741f5b60e5280e0c1e89a63998_00.dat,0.00023971,35.3099,60.2687,24.3309,64.3448
03636649_da64c56e36024add5b903ba10d2ec446_00.dat,0.00026759,73.6041,82.8539,93.7956,60.5660
03001627_f5b08ab02727922b738dd0d3509c7e47_00.dat,0.00012377,58.8811,80.3882,53.4874,65.4846
03001627_f1167a0c4bfc1f3fcf004563556ddb36_00.dat,0.00007483,70.9538,86.6216,75.7502,66.7287
03691459_ebe84e8ccc8b5f3fa817854e3b5b5439_00.dat,0.00061484,19.4371,37.1629,11.5166,62.2473
02958343_dcfdb673231b64ea413908c0e169330_00.dat,0.00035987,47.9343,72.2935,38.6861,62.9932
03691459_e7588cbebdae5863629c8a4be6c1e509_00.dat,0.00121288,12.9585,25.6731,7.1776,66.5914
03691459_d5bca27bf05ac5c92e8dbf40bb4c181d_00.dat,-0.00000405,61.9099,76.2590,61.4761,62.3500
03636649_ec639d4850ba9aa6fcb8d8c6d4df8143_00.dat,0.00006739,62.7961,74.6362,59.2457,66.7992
03001627_fa041b0276dcaaaf98e0d1738edd4f19_00.dat,-0.00001543,64.3684,76.6865,65.4096,63.3598
02691156_fff513f407e00e85a9ced22d91ad7027_00.dat,0.00039396,53.0625,75.1336,71.8978,42.0472
03001627_fa89a0401873e5a6bbc7a6acbd8f058b_00.dat,0.00020295,60.8239,77.8069,59.7729,61.9125
02958343_dae251313dbc0aed51894d116f1c652_00.dat,0.00000780,63.0103,76.5347,64.3552,61.7204
03691459_eb2545337b85fb987695b38431695f3_00.dat,-0.00000334,66.4726,83.3364,65.7340,67.2279
04379243_cda580f16378e12c3002761e7a3ba3bd_00.dat,0.00011291,63.6297,79.9528,62.1655,65.1646
03636649_d190d56a1e6213e420ebca9c2a65e97d_00.dat,0.00024552,74.0966,84.7365,93.5118,61.3575
03636649_ef45c648fe3b0dde8449e0b8dd14796b_00.dat,0.00034430,40.0173,62.6281,29.0754,64.1637
04379243_db2d4f781756e687d8864caa856253b_00.dat,0.00016702,78.0280,90.7017,73.6415,82.9702
03691459_f2a13a030a8153d9133aca0b3ca7f0a8_00.dat,0.00003402,60.1793,77.1646,58.5158,61.9401
02958343_da59928c982bc34a2a9eb0f146e94477_00.dat,-0.00000540,62.1854,77.4934,61.4761,62.9114
02691156_fc9f6bc1ba1cb7c1c3fe7930fce05ded_00.dat,0.00004027,75.6675,87.2424,90.1054,65.2174
03001627_ec00ee8e8345be7a852028c7654a8ec8_00.dat,0.00026037,58.7183,80.1636,73.4388,48.9137
03001627_ccf29f02bfc1ba51a9ebe4a5a40bc728_00.dat,0.00000153,61.9555,74.0687,61.3139,62.6107
02691156_d24e6c81b5261fe5ca2bd098b9203af_00.dat,0.00006654,94.8463,98.2643,98.9457,91.0730
03636649_d90639e69c82f864eb2d9895648d1206_00.dat,0.00009640,66.6379,81.0582,71.6951,62.2472
04379243_d722d42dd739e2a35e0bc0e32d71e297_00.dat,0.00019223,65.8305,87.6134,90.5921,51.6994
02958343_e40b027b68ff767d76ad064d1c5fdd7c_00.dat,-0.00000113,61.6926,74.4155,61.0706,62.3274
03691459_f2eb4b53ea11200cfb10a282776be584_00.dat,-3.46384978,100.0000,100.0000,100.0000,100.0000
03001627_d97c5945e9449a58737e4e0df09d751_00.dat,0.00021121,47.9479,70.7359,38.3212,64.0339
04379243_d0b6fa6b908473b05213cec267286d18_00.dat,0.00000146,62.3911,75.9404,61.7599,63.0352
02958343_e6a8097a96033478ad7a333c976ac8f1_00.dat,0.00028984,35.1233,60.5763,24.4526,62.3181
02691156_e841e17e3256acf38699933784576e73_00.dat,0.00005696,73.7465,84.6242,87.6318,63.6596
03001627_ee665ce6679ac8cfb502ac2eb9128f9a_00.dat,0.00011415,57.0674,78.6114,52.6358,62.3139
03691459_e40e7c3dea88a733eb15975241f6a53c_00.dat,0.00000363,64.9442,80.1977,64.3958,65.5020
03691459_dbe86be505750b8d9c92e8251d55352d_00.dat,0.00000351,62.0692,77.6614,62.5304,61.6147
02958343_e577fe5a762d63d7b9d0f0bb768a782e_00.dat,0.00024275,43.1688,67.1483,32.2384,65.3130
03001627_fca55be264355b1ac30ba10ebbf8ea21_00.dat,0.00077128,25.1974,46.0109,15.7745,62.5788
03001627_e431c68fbfdf826d561dbc0c83a98a32_00.dat,0.00015045,54.6850,75.3087,49.0673,61.7552
03001627_f00c1688bd33aae28cbb8bac2032149c_00.dat,0.00048667,19.2176,38.2694,11.3544,62.5000
03691459_f996317de417329b1574d21c0c95092f_00.dat,-0.00000262,67.6870,85.8276,68.6537,66.7471
03636649_d357edb3b9ae47f230f6e0ede20c4525_00.dat,0.00000611,62.9483,74.9280,61.4355,64.5374
03001627_d1436d73b3060f2ffd6176b35397ccd5_00.dat,0.00041674,40.9921,61.1624,29.7242,66.0182
03636649_f72efa4574100c12a8930422448288ea_00.dat,0.00010967,85.9146,95.2175,92.7413,80.0241
02958343_fe137fed7437f694cae3f94a454fd99b_00.dat,-0.00000654,62.0949,78.4522,62.2466,61.9440
03636649_f049bbd180d89cb5490ad276cd2af3a4_00.dat,0.00011321,65.7256,81.5660,65.3285,66.1275
03636649_ddeb5d944c128f78b0957d845ac33749_00.dat,0.00003651,96.9466,99.6283,100.0000,94.0741
03001627_e6e00a7324357c7dbec105fec16416d7_00.dat,0.00020006,54.4366,74.1362,46.1476,66.3551
02691156_ebf8011ea1f4b4190b1d6deb98feec6_00.dat,-0.00000884,64.7775,77.0966,65.7340,63.8484
03691459_f37f4ef72fd0204d839a84b4ae4862d3_00.dat,0.00006890,61.5955,74.6426,60.5434,62.6849
03001627_f5d8dd0309401ebac47a35332c17cce2_00.dat,0.00014288,70.8014,81.9141,77.9400,64.8608
02958343_ec07cd8db8f2bea851f021b9ed69c58_00.dat,0.00015319,53.3646,79.2675,44.6472,66.3120
03636649_dce4bd10d499b2f24b3c42e318f3affc_00.dat,0.00155954,19.8186,29.6158,28.9943,15.0544
04379243_fb2191ec35ad66da30bbd4cddd04c77b_00.dat,0.06029537,57.1626,59.6446,84.5904,43.1662
02691156_e88ce288726375ff87bf26680c510802_00.dat,0.00011161,58.3398,79.1266,55.0284,62.0754
02958343_fe61764c0552c837d76439fb95cdd2ed_00.dat,0.00001273,61.4181,76.5096,61.4355,61.4007
03001627_ef1152b1660592d413f0924ccc9628e5_00.dat,0.00029485,48.4375,66.3297,38.6861,64.7614
02958343_dec396fa569fbd20618e9d35559b7aa_00.dat,-1.70722699,58.8841,82.7668,41.7275,100.0000
03636649_d36d4552fe1290ee90c2e24416edfe5b_00.dat,0.00232356,49.0594,59.1519,39.6594,64.2998
03691459_cb356bbfb74abea2c6573f6ede3fd543_00.dat,0.00002727,60.5474,73.3150,58.2320,63.0545
04379243_e448e3e40395d4d679414e04132a8bef_00.dat,0.00013408,54.1309,74.3852,48.8240,60.7321
04379243_d236d890ebc96f9ddaeb6f944439aef2_00.dat,0.00015752,54.2146,74.4539,48.4996,61.4565
02691156_fb62efc64c58d1e5e0d07a8ce78b9182_00.dat,0.00037252,54.0472,72.9996,52.4736,55.7180
03691459_ca052c8db0c94fd345189af3887d3c51_00.dat,1.66502583,0.0000,0.0000,21.1679,0.0000
02958343_db86af2f9e7669559ea4d0696ca601de_00.dat,0.00000055,62.3969,74.2890,63.3009,61.5184
02958343_cdd58286e3e428ec1fabf3cbd0fc77bc_00.dat,0.00017738,45.9769,71.6612,36.7397,61.4191
02958343_d6def3a1a90ff22bbecf71e2e014ff6f_00.dat,0.00027856,56.6202,74.4561,51.2976,63.1752
03691459_f046081ff90ebb6dce029fab54b6cfbd_00.dat,0.00015195,52.6417,76.0337,44.7283,63.9571
03691459_dd6a03f9fdc339c6538cf6df9faa9b65_00.dat,0.00045422,27.2650,48.2562,17.1533,66.4176
03691459_d922dd8309247d10ef94793a67b4c5c0_00.dat,0.00023953,43.2729,67.6087,31.9140,67.1858
04379243_f5de3fdb7c073f48dbbc9440457e303e_00.dat,0.00015797,49.6797,75.5987,41.4842,61.9106
04379243_cd91028b64fbfac2733464f54a85f798_00.dat,3.00247288,0.0000,0.0000,0.0000,0.0000
02691156_fc44636ad5fd9754927b6179bcc6e892_00.dat,0.00011216,59.0197,80.2916,53.4874,65.8284
03691459_ccd635e4cdca96e33b6e05aed261d1e8_00.dat,0.00035669,33.1147,55.8970,22.5061,62.6423
03001627_d2304054a8dc7ea4febad4f49b26ec52_00.dat,0.00071480,24.1437,44.3067,14.5174,71.6604
02958343_da1219003ad3d14abecf71e2e014ff6f_00.dat,-0.00000256,62.3470,75.5364,63.7470,61.0072
04379243_fb32e9a7a8c2dfad74eb542502c2205f_00.dat,-2.19759512,30.3989,55.0265,17.9238,100.0000
03001627_d274fc14092387c1e17e1cb731e2fa4f_00.dat,0.00016942,46.0047,71.3213,36.2936,62.8110
03001627_f854fa8ee2fb6d715936c7265c890fef_00.dat,0.00013013,56.8559,77.2316,52.3520,62.2077
04379243_f1f3021c1469c8e5610c2a68437007d6_00.dat,0.00023439,41.1950,62.7781,30.8597,61.9392
02958343_d9e58ec3ad748aae2051f6248df99d19_00.dat,0.00029777,33.0090,57.5035,22.6277,60.9905
02958343_d4cabc05adedfafb246e9f4a5ddaa288_00.dat,0.00002224,59.5620,74.6157,57.5426,61.7284
04379243_d760cfad1855ef2d35f7fdc3c0cd22fe_00.dat,0.00025464,41.0644,66.5184,30.7380,61.8390
04379243_d62417059f78e8e79d2be74cfb51ade1_00.dat,-0.00000760,64.2645,77.5699,62.3277,66.3256
03691459_d6f0a0ca6446eab0c0b5947ffe18a468_00.dat,2.74493694,0.0000,0.0000,0.0000,0.0000
03691459_fd421313164e2d7f1be6fffd725195b9_00.dat,0.00040706,24.9518,46.9157,15.4501,64.8078
02958343_f3b776ad13e88865cfc78902445ccff8_00.dat,0.00026174,36.6829,62.3411,26.1152,61.6167
02691156_fb2204e98090448ebbf3143b1cb6076a_00.dat,0.05430731,57.3436,58.5195,93.3090,41.3900
03691459_de41e90d949a21d6a41c66e27a37f014_00.dat,-0.00000575,61.6748,76.4701,61.9627,61.3896
03636649_f01cf64f05572ac4b509f4ddcfa8ca1_00.dat,0.00011291,62.8822,80.8957,62.1249,63.6582
03691459_f156e32edfe185b76ac6c4392c71284b_00.dat,0.00048597,40.6028,62.3559,29.7242,64.0404
03636649_e69b661bb90d7e9c9dcf2183c858e6e5_00.dat,0.00028668,44.7440,61.9614,34.9148,62.2758
04379243_d58ea40d8a5c8c0c362f4098f2ea31b0_00.dat,0.00018251,66.4033,80.0911,70.2352,62.9679
03691459_e796a74db4708efcf115c1f523ea8464_00.dat,0.00066545,40.2401,54.6624,29.6431,62.6290
03636649_dca5ccbc65594b4fcb8d8c6d4df8143_00.dat,0.00002662,73.3394,85.6340,80.4947,67.3523
03001627_d5bd619acad1bed3d2b12aa6a0f050b3_00.dat,0.00001145,65.3982,75.5662,66.3828,64.4425
02958343_d0d6ed4d20e338fd3dfdd0a4b0d02ee6_00.dat,-0.00000537,61.7901,75.4425,62.2871,61.3009
02691156_f88be1c8e93fbfecba0d990ae229b477_00.dat,0.00006471,72.8447,85.9319,78.0211,68.3125
03691459_c766463a3623d0ab8a0181490cb73cbc_00.dat,-0.00000520,61.7195,74.4010,61.5572,61.8827
04379243_d3624229f0310175658d908a2254f194_00.dat,0.00018310,47.1821,72.2609,38.2806,61.4778
04379243_fccd86d2aa3c565334aff3344c00890c_00.dat,0.00013556,52.6544,75.0824,46.1071,61.3689
03691459_e97a846820b094b8f439510dd98d9326_00.dat,-0.00000474,68.6080,86.3503,72.4250,65.1732
02691156_dbd0efc89242cc9318de900bee20377_00.dat,0.00013866,54.3946,74.7275,48.7429,61.5289
04379243_dbf2123ee206a81b8b00eeaf68a1358_00.dat,0.00019904,47.4852,66.4441,38.7672,61.2617
02958343_d036868bde5610cb79ac0edf81f73f6c_00.dat,0.00028155,34.4695,59.5284,23.6821,63.3062
03636649_eb311e6232cb7011bb5bd941c6665c21_00.dat,0.00028664,35.9209,60.6789,25.0608,63.3917
03001627_dc0bc65e9181c2f698eb62961a525575_00.dat,0.00024226,39.9787,63.5064,29.3187,62.8190
03691459_ccffe9befaec2d1c4ffa46d1fcb77f51_00.dat,-0.00000317,63.8298,78.3696,64.9230,62.7728
04379243_dc49259a117af8f1d200faae04ce3f8_00.dat,0.00001233,59.7520,70.3766,58.7997,60.7357
02958343_cf2424546ce3fc5f2c1bce2ae620392b_00.dat,-0.00001219,62.6674,76.5965,62.0438,63.3037
03636649_e9b1b74a44465b8b192ae1372f64f330_00.dat,-0.00000878,63.8455,81.3678,62.8548,64.8678
03001627_d30ecbe6cbe364e5c8687ff9b0b4e4ac_00.dat,0.00011650,55.7826,78.2865,51.3788,61.0121
04379243_dab44e951363e187ed44d599900d391d_00.dat,-0.00000457,61.5285,73.9484,60.5028,62.5895
03636649_f38370fc4c112017a6e7138fdd58748_00.dat,0.00013220,66.3236,78.8922,68.8970,63.9356
02691156_e8e1b765fdf5edfa14c19f41d007670e_00.dat,0.00032133,58.0763,76.5102,73.3982,48.0466
03691459_ea944f309ec70895c9fff209a296912_00.dat,-0.00000137,62.7508,79.2228,63.3820,62.1321
02958343_fda43d663587c7a9caf180c847b8b75_00.dat,-0.00000412,61.5046,75.6823,62.3682,60.6647
03636649_da5db67a2385d5e8da9baff5f5368802_00.dat,0.00021635,56.4681,73.5405,51.7843,62.0835
02958343_dc8aef6a8c88997a582e5e3e7771ea25_00.dat,0.00017939,47.8403,71.8601,38.4834,63.2091
03001627_efa83c67ce47bfca304edcf7c4314468_00.dat,0.00012139,56.0624,77.6534,51.7843,61.1111
03636649_e4c9bb21fe5bfeb3e21f078602e2eda8_00.dat,0.00011412,58.0652,78.5290,54.8256,61.7117
03001627_e9a8bc335a7faf78f91663a74ccd2338_00.dat,0.00018400,53.1009,72.8929,45.7421,63.2815
02691156_ed1d51ac367d0fa5f830b2dc9bf63133_00.dat,0.00015790,54.4972,75.2869,47.0803,64.6879
04379243_fb7124d1ea2937f252219cd24638ae38_00.dat,0.00010659,59.7804,80.5571,57.4209,62.3422
02958343_f76b9a9455b20cd875a45359f7e88a3d_00.dat,0.00024702,38.8403,64.5356,28.0616,63.0632
02691156_ec531add757ad0fa9a51282fb89c35c1_00.dat,0.00011806,82.9559,95.5533,97.3236,72.2846
02691156_f7f915160c0e1f6f42bc0eea174f82b_00.dat,0.00004970,75.8010,86.3655,90.1054,65.4160
03691459_e1d8c419be35ee1e209a4a663fdfe000_00.dat,0.00015895,50.1182,74.0218,42.0925,61.9256
03691459_e1385ebae6a7869d23a4cda08ffef080_00.dat,0.00039466,39.8184,56.6186,29.1565,62.7731
03001627_d7b22da1174eade770bc652a18e29c3d_00.dat,0.00029857,43.0690,62.0535,31.9951,65.8658
02691156_fcd7a8834a7f26f15069db69b8c1c70_00.dat,0.00028506,53.8646,71.7920,45.2555,66.5187
04379243_e2e3f057399a2b41276b6f6d90ee3a83_00.dat,0.00224292,30.6338,44.1192,20.4380,61.1288
02691156_fdb87fe46a2dd5ae148cecac5cfe1090_00.dat,0.00000319,64.7729,76.4379,65.7745,63.8014
03636649_f69d3903096b6bb78ca4aeb5e3b33af7_00.dat,0.00006744,76.0784,87.5743,84.2660,69.3410
03636649_e94273de8e52f9f896a3517f50eeb9f4_00.dat,2.59471154,24.7415,28.0044,49.5134,16.4910
02691156_f144e93fe2a11c1f4c3a35cee92bb95b_00.dat,-0.00000721,64.8855,77.8183,65.5718,64.2134
02958343_eada833517294359a3f999fa1343e263_00.dat,3.31489038,0.0000,0.0000,0.0000,0.0000
02958343_f2a990659efa05c5452d05118c2bf489_00.dat,0.00024486,39.1576,63.5706,28.3861,63.1032
03691459_daa10595347937b9ae7dd8d7b134d1af_00.dat,0.09358399,42.1695,42.7534,40.8759,43.5477
03001627_f0f04644e071d9348ca588a3264b9f86_00.dat,0.00009899,61.7930,81.1004,61.2733,62.3215
02691156_ffc1b82bec23a50995b8d6bdd18d56e8_00.dat,-0.00002779,66.1343,78.4969,65.8556,66.4154
03636649_ff43ef647c75b5a4fcb8d8c6d4df8143_00.dat,0.00012073,70.2426,82.9996,91.9303,56.8345
03636649_f41b9c3cb9243780dce4754e673446ce_00.dat,-0.00000226,66.8468,82.1916,68.8159,64.9873
03691459_f25cae5549e30302803f272bf12359d9_00.dat,0.00051208,29.7004,50.9717,19.4242,63.0640
04379243_f2fee52b9098c13fdcfa6f33a3c5eb83_00.dat,0.00000143,62.0121,73.8102,62.1655,61.8594
04379243_f6ec4343f78b94b42553cc33364504d5_00.dat,0.00002310,59.5389,71.7077,57.6237,61.5857
03636649_d9f6bd064c9fd456fcb8d8c6d4df8143_00.dat,0.00031160,60.0655,71.8751,59.8540,60.2786
03636649_fc8345dacde827e376e9713f57a5fcb6_00.dat,0.00030307,66.4387,76.4707,70.8840,62.5181
04379243_debd11754f993031eef3a45c2f31a227_00.dat,0.00020309,48.4724,72.1959,38.6456,65.0010
02691156_f592e88114a240cc61a8d3163a0a75a7_00.dat,0.00008783,64.5162,82.1333,65.6529,63.4182
03001627_fb9f11f128e006d2498725b9a1405ebb_00.dat,-6.22472858,97.8036,98.8515,95.7015,100.0000
02691156_fd3a9743e16d35e51fc210a07910eb2_00.dat,0.00040898,48.5403,72.1428,64.5985,38.8762
02958343_ed799c077fdf7dc47e5246097b57ccd_00.dat,-0.00000474,62.5888,78.2379,62.2871,62.8934
04379243_d268aa3ecf296572c0806ee26b689c99_00.dat,0.00012470,57.4749,79.3927,53.1225,62.6041
03691459_e5c1a7e9bb2dd0d65a31d91ec836a511_00.dat,0.00020100,45.1844,72.5993,33.7794,68.2164
02958343_d09f68be7e9e90989393793f9cf3dbea_00.dat,0.00028753,32.8995,56.9147,22.3844,62.0449
02691156_fd425567d79a43d14f8a08a5e6b028e7_00.dat,0.00012027,82.3811,93.3847,95.2960,72.5490
03691459_f4bb44c3b9a044ebaaa7694cf6c95b84_00.dat,-0.00000531,65.8621,82.9220,66.2206,65.5075
02958343_ced46f74119cdb36a7fc8832cd5fa42b_00.dat,0.00019220,40.9304,68.0699,30.7786,61.0748
03691459_ec9938becbd706dc8dcc38f589890f0_00.dat,-0.00005089,68.8457,82.8609,66.9911,70.8059
04379243_ff49113c1bda893155c5c4533d35b323_00.dat,0.00002522,60.3137,71.7223,59.5702,61.0760
02691156_ebe0d0bfa6ec36edd88eab18f1be033b_00.dat,0.00007820,94.2538,96.7730,96.6342,91.9878
04379243_e17121f04e884edde480eba094ece03b_00.dat,0.00025132,43.4948,66.5155,32.9684,63.8960
03691459_f4b733690a0fae8ff357e7c4167f3100_00.dat,0.00016559,49.9070,75.5864,40.6732,64.5648
04379243_e29252434d37520ff008d8a3590fb522_00.dat,-0.00000582,63.6323,75.8524,63.5442,63.7206
03691459_d458f71eedc7146994fa1ea146084110_00.dat,0.00055749,22.2934,41.7824,13.5848,62.1097
03001627_ef4f9cd2b498a10a614871b18a2b1957_00.dat,-0.00000317,61.2178,77.8438,61.3544,61.0818
02691156_e533a1a758a1752b187ea8c086d9f2c_00.dat,0.00018546,74.9947,87.5473,83.1711,68.2819
03636649_ff08713d837d87edf2098a9f7fc86999_00.dat,0.00010361,86.7740,92.5370,97.9319,77.8986
03636649_fa0a32c4326a42fef51f77a6d7299806_00.dat,0.00005352,72.5691,85.0865,81.5896,65.3447
02958343_fd6c7ba9e81a5f7032a96978a804d13c_00.dat,-0.00000264,61.9994,78.2863,61.5166,62.4897
03636649_e6f2e77940fbc85a8e2d66cbf6a91063_00.dat,-1.80275977,62.5801,88.7435,45.5393,100.0000
03691459_e5012f54d03b863ecfd43bf63e641a70_00.dat,0.00036660,24.8844,48.4204,15.2879,66.8424
04379243_e4947c9bc17eed10e54cb890e8682c84_00.dat,0.00013045,54.2313,75.6382,48.8646,60.9223
03636649_fd2f5320fbfbc88a47c71c6d277c802d_00.dat,0.00050108,41.2033,63.0514,60.3406,31.2821
02691156_ed73e946a138f3cfbc0909d98a1ff2b4_00.dat,0.00004527,72.9775,84.4555,87.9562,62.3581
03691459_fcd642cc82a4417848db103415b9e9da_00.dat,0.00387890,18.7287,26.4515,10.9895,63.3254
03636649_d00391a3bec2a9456a44fdd49dec8069_00.dat,0.00003788,78.8456,92.5220,93.2279,68.3077
02691156_fbc7afa847c30a4c183bb3a05fac486f_00.dat,0.00251540,39.3781,50.1020,27.3317,70.4121
02958343_ffbf897d9867fadff9a62a8acc9e8cfe_00.dat,0.00016196,48.7960,73.8635,40.4704,61.4342
02691156_d722973c75c85d93d0734afa0d357999_00.dat,0.00011037,61.7155,80.1276,60.7867,62.6732
04379243_f8f8ff7d9cfdd395765b19233e844344_00.dat,0.00048863,41.6220,66.4851,30.3325,66.2973
02691156_db5146b7695fafba78d7c0e1adfe122c_00.dat,0.00039124,59.5464,72.5882,79.2782,47.6793
03636649_fb4043f7fb8257d8578d107c71db28ac_00.dat,0.00081764,46.3122,58.1710,62.2871,36.8590
03001627_f2f0f205af792d3d40332412c5d013fb_00.dat,0.00049186,27.4300,49.2038,17.2749,66.5538
02691156_f6e6fd724a9eab24ba8e93696257b3fc_00.dat,0.00077651,45.6647,59.2104,34.7526,66.5659
03691459_e51ccf3bb4413ceb61775b840d882da9_00.dat,0.00004074,59.3826,72.1468,56.9343,62.0510
03691459_d4fa4988db7f2eb477818a0572bf1777_00.dat,0.00004046,59.0346,74.6622,56.9749,61.2489
02958343_da0d62fcdd204adfde0d30276290c814_00.dat,0.00043853,21.9151,44.1285,13.3009,62.1962
03636649_f2038cb9bb9438a6c790d7efcdfb5239_00.dat,0.00108312,31.3551,49.4223,20.0730,71.5959
04379243_f9a9c8e70b6a2b31b20aa91e9e90c311_00.dat,-1.41093349,42.9799,64.2818,27.3723,100.0000
03001627_e4c866b5dd958cd0803d0f5bac2abe4c_00.dat,0.00044081,35.5301,57.0410,24.5742,64.1141
03691459_f6954ca2e4c2b03c67b2ae8c967fcba0_00.dat,-0.00000104,61.3141,73.2134,61.4355,61.1931
03001627_f4b6bf9253918b52944d8f8e13d63fde_00.dat,-1.95594132,73.5709,92.6426,58.1914,100.0000
04379243_d120d47f8c9bc5028640bc5712201c4a_00.dat,0.00014200,57.8295,78.4451,53.1630,63.3940
03001627_e807c535765fbbbab40f0ac0fb9a650d_00.dat,-0.00000244,63.1100,74.8353,63.2603,62.9604
04379243_e7f44c111fc65019e76bc197b3a3ffc0_00.dat,0.00037083,54.1972,72.6057,48.3779,61.6080
03691459_cb3bc7b6610acb7d7f38a9bfed62447a_00.dat,-2.49077773,24.9823,48.0591,14.2741,100.0000
04379243_db3d26a5f2a99aec433eec73a2fff97a_00.dat,0.00013388,62.2118,80.1530,58.8808,65.9423
02958343_dd9e4d7fe7c131816ca2b6e5474aad11_00.dat,-0.00000609,62.1240,76.8853,60.8678,63.4331
03691459_cc88df1c3cfac12a99db62650613bd48_00.dat,0.00019227,48.3697,70.7862,39.2944,62.8958
02958343_ce6dfb4a733ceb58473f10e6caaeca56_00.dat,0.00001347,60.9570,73.9389,59.9351,62.0143
04379243_d26f2c85a4aafa72db6f3ca49e992ad8_00.dat,0.00023217,41.1172,65.6431,30.0487,65.0954
04379243_f622d7d6892fe02937251258858a7a58_00.dat,0.00021709,56.5616,74.6646,52.3114,61.5634
02691156_ecd761d36abc0fb5250e498b1554a6f_00.dat,0.00035625,55.0903,72.3197,45.6610,69.4276
02691156_ede14aa589c68280216b327569dd806e_00.dat,0.00005237,73.3558,84.7790,85.6853,64.1283
04379243_fe4bcffc64838402684b7bc3f8a9aa55_00.dat,-0.00000039,61.1766,71.7941,60.6650,61.6970
02958343_d20990638711f55967bf54a1f364120_00.dat,0.00012850,57.7264,79.7166,53.2036,63.0896
03001627_d23682341fc187a570732116fb5f6e1_00.dat,0.00012403,62.0240,79.5490,60.5839,63.5343
03636649_ddb951343304bf1f351d9ca36f76b95_00.dat,0.00000468,62.3464,74.6195,61.0300,63.7209
02691156_e58010dd5766e0ce78f081615c34707c_00.dat,0.00026347,47.8280,69.6229,38.9294,62.0000
02691156_d9eaf9c7d58279dc9a6e43b878d5b335_00.dat,-0.00001286,65.8509,77.7282,67.1533,64.5981
03001627_fac321238dc8637eaa7cb30470f3273c_00.dat,-2.41566205,69.7306,85.2490,53.5280,100.0000
03636649_f12822778713f5e35b36bbc16e99b441_00.dat,0.00001623,62.1234,75.4361,60.7867,63.5202
02691156_ff12c3a1d388b03044eedf822e07b7e4_00.dat,-0.00000731,62.4715,74.9587,61.8816,63.0728
03636649_f9b41c5ee5ce8b6fcb8d8c6d4df8143_00.dat,0.00021965,42.8267,64.8440,32.4412,62.9926
03636649_e389b9eed612e5c225a454369d791fb0_00.dat,0.00045638,52.7897,71.3611,43.3901,67.3879
03001627_ec25a41ca233ed096e5a467428553af2_00.dat,-2.84364367,85.1955,96.4301,74.2092,100.0000
03001627_ce474d7c415941acfebad4f49b26ec52_00.dat,0.00056222,16.4434,34.4345,9.4485,63.3204
03691459_cefdbfba01e3128920363e2561dd589a_00.dat,-0.00001091,65.5646,83.1621,64.6796,66.4740
02958343_fdd3f02c294518341944f01d3ab2091b_00.dat,-0.00000647,61.2244,77.1532,60.5839,61.8785
02958343_d2776550e240c0d642fb51f57882f419_00.dat,0.00031787,47.8260,68.9773,38.4834,63.1593
03001627_cca975f4a6a4d9e9614871b18a2b1957_00.dat,0.00019798,61.3333,77.7486,59.9351,62.7982
02691156_dcbd333ef51b76862b600da24e0965_00.dat,0.00006111,72.1383,83.5440,85.4015,62.4409
02958343_f06cf31bd73b21eb3fe51173866bb20_00.dat,0.00025438,35.0582,61.6869,24.0876,64.3800
03636649_d00157a022079bdef3655a2ce983ab1f_00.dat,0.00030372,51.4394,69.3658,80.8597,37.7165
04379243_f0c1fe7cfedf97e9b91b871e750ca615_00.dat,0.00013545,67.1936,81.6614,73.8848,61.6138
03001627_e89c76bae2ce47bcf4b6538438a0b930_00.dat,0.00025863,52.8779,70.8731,45.8232,62.5000
04379243_d6daf5eca30ca0965722577712723fd1_00.dat,0.00027430,56.4399,69.9581,51.7437,62.0736
03636649_f40c7b19234b07c2c8687ff9b0b4e4ac_00.dat,0.00020835,53.0405,74.3835,45.3771,63.8184
02691156_d54ca25127a15d2b937ae00fead8910d_00.dat,0.00001318,62.8832,74.7891,63.8281,61.9658
02958343_d41e4e445bf37b8a731c9cafdec546c_00.dat,-0.00000435,61.8707,77.9590,62.2466,61.4993
02958343_e128a506f2e29a6796cceb824e3c56b0_00.dat,0.00013616,56.5033,80.8081,49.2295,66.2991
04379243_f77643cf323921d7c6542d86974f9497_00.dat,0.00018712,45.2371,68.2837,35.8475,61.2913
03691459_e911bf2418eae6241574d21c0c95092f_00.dat,0.00023159,41.6573,65.7860,30.7380,64.6086
03001627_d9558dccfe8e3381e45ef4135c266a12_00.dat,0.00000745,65.7345,77.4732,64.8013,66.6951
02958343_d6786ef05af6127d58e7058c5c570964_00.dat,-0.00000798,63.3460,77.4253,63.5442,63.1490
03691459_d8023575778364b035cd53a06b1d2317_00.dat,0.00021139,42.2090,71.0988,31.1841,65.2928
02958343_d43d67170465fd4a4ce28f0f1b509eda_00.dat,-0.00000447,63.5079,80.2058,64.7607,62.3026
02691156_e36ce61195489a56c8da6d3458daff84_00.dat,0.00024369,55.7737,72.3611,51.0543,61.4544
03001627_f83f1cbaf6c41a5db04cb542e2c50eb4_00.dat,-0.00001082,62.4817,75.3807,62.1655,62.8012
04379243_e7045bfa00de20a39a0d3e7e907e5b53_00.dat,0.00008739,64.5642,80.6066,66.3828,62.8426
02958343_df34c25a1e1abe9428044fe9244db50a_00.dat,0.00027208,33.5874,60.8591,22.7899,63.8281
03691459_e22ec5ee664f7c172a9eb0f146e94477_00.dat,-0.00000488,61.9090,79.3040,62.2871,61.5354
03691459_e8885d12901ed5aaa7d0cc9b15400f65_00.dat,-0.00000859,62.8919,76.6472,63.4631,62.3310
03001627_f5ef49d354efe6741cda53280488fc3f_00.dat,0.00008567,56.3619,71.7593,50.8516,63.2116
04379243_d70877569d163235aece045e8bdac80f_00.dat,0.00013884,65.2534,80.4493,65.8151,64.7012
04379243_f3efcbd9745da90619fb4103277a6b93_00.dat,0.00014935,53.6484,72.6030,47.7697,61.1772
03636649_e86bed66672425464492223278b0e937_00.dat,0.00053413,40.0084,61.2499,28.1833,68.9300
02958343_fe860c6a74a86905468bac13e007a6e9_00.dat,0.00023072,39.9046,63.2633,29.6026,61.2042
02958343_f06053faa41414be2f20449572a3a77c_00.dat,-0.00000707,62.0481,79.1682,62.0032,62.0931
02958343_dd37570a8876c4a4a513de4eb79b310d_00.dat,0.00023662,39.4186,64.7262,28.2238,65.3319
04379243_e13ea4661bd5e168e7fcbdad594ae05b_00.dat,-0.00001071,64.5216,76.2481,61.4355,67.9340
02691156_f97fa7329969bcd0ebf1d9fd44798b9b_00.dat,0.00013567,77.3299,92.9232,95.0933,65.1584
02958343_f9e4bdf92a7efe4c50076f889f423cbb_00.dat,-1.39954948,49.3126,73.4411,32.7251,100.0000
02691156_ddd729a8623bcb6e8699933784576e73_00.dat,0.00010269,85.4157,94.8913,99.6756,74.7253
02691156_f533dc37778c6f004c949161e83c47b5_00.dat,0.00015245,67.5813,79.3362,66.4639,68.7368
02691156_f110a2ce31dee1b3c16ef5c633c71b56_00.dat,0.00022136,38.9300,63.5136,28.4672,61.5532
03001627_d1c2afb3c53dc7c8c563fcc2752ece39_00.dat,0.00034967,26.7936,50.9241,16.9911,63.3305
03636649_e1916a904163748e8cc413950b617e8f_00.dat,0.00072088,38.1136,53.2259,58.3131,28.3079
03001627_e5d285ad477a33a27eaeab1f0c9120b7_00.dat,0.00021282,62.9109,77.3359,61.6383,64.2371
02691156_e332fb3eb2c4016ec1f9d235878ff0a9_00.dat,0.00011970,83.2192,95.0323,86.6180,80.0771
03691459_d6ad58677b397894224f9d60ad32613_00.dat,0.00061556,16.7954,34.1267,9.7324,61.2357
03636649_e993492372fce761cb3a30f2c37c38a6_00.dat,0.00023336,61.6173,75.9797,60.2595,63.0378
04379243_db454c99849016f8febad4f49b26ec52_00.dat,0.00011228,59.3408,76.6332,57.4615,61.3473
04379243_fece36426ea77b92a7bfc1660a1e18f0_00.dat,0.00032491,37.3351,59.4901,26.7234,61.9250
03636649_fea629edc206a49529fbb534b2045025_00.dat,0.00035117,50.5268,71.6250,41.8897,63.6507
02691156_efbb9337b9bd3cab56ed1d365b05390d_00.dat,0.00007696,92.1971,98.5556,98.4185,86.7156
03001627_d6075b23895c7d0880e85c92fa2351f7_00.dat,-0.00000681,61.6739,73.6500,62.3277,61.0337
03001627_fd5f6ed4a873c5ec300fe8666348bd38_00.dat,0.00113549,45.8220,60.1835,35.4826,64.6650
03001627_eb04d1bffae6038c4c7384dbb75cab0d_00.dat,0.00015006,58.3354,76.8744,53.4874,64.1498
04379243_e9a1325245afff7c405d9b5bb7b18be5_00.dat,0.00000856,61.5485,74.1243,61.3139,61.7850
04379243_edf1d95e72479c4bbe13ce34aa7c0c1c_00.dat,0.00013805,54.5109,75.9268,49.4728,60.6915
03001627_ffa6c1a509986a5676708f8dec712a28_00.dat,0.00018287,48.8599,71.3757,39.1322,65.0238
03691459_f904f64f961e9cddcd3e44ab53ae1e92_00.dat,-0.00000098,63.0507,77.9453,61.9627,64.1777
