sample_id,chamfer_distance,f1_tau,f1_2tau,precision_tau,recall_tau
03636649_ec01e8b79f2d07df784a45ea6efa1d77_00.dat,0.00019402,79.1253,91.5946,81.3869,76.9859
02958343_e4d1edc4cda4a6445fb81d6394b59c19_00.dat,0.00035323,50.6841,72.0238,70.1135,39.6865
03691459_f57b269b91e369f07b646fca2237eb6_00.dat,0.00019746,64.4784,84.4661,71.1273,58.9662
02691156_f8038d33c212f81fe99ea3c41458bc01_00.dat,0.00005142,97.2215,99.3193,99.3106,95.2185
03001627_ea62254f0a5650579a8ef44e1d2c5b75_00.dat,0.00038917,53.4154,71.1985,72.5061,42.2826
02958343_f45022f442368e60c038d3a33427a80e_00.dat,0.00030315,58.9802,76.9248,86.9424,44.6272
02958343_fb7abd30eb601f85becf71e2e014ff6f_00.dat,0.00020531,72.2893,84.2941,95.8637,58.0210
02958343_d2c06ff9c02457e0627014ff98c41eb1_00.dat,0.00019772,67.9482,85.6715,82.4412,57.7890
04379243_e0caa2e794d98c814c9587cb3f654544_00.dat,0.00008698,93.6615,98.6604,92.9035,94.4319
04379243_e3aa92f57f96a50c4ac1ecd2766586e1_00.dat,0.00033962,59.1215,76.1867,90.3487,43.9360
02691156_e761cf88524cf8f24c3a35cee92bb95b_00.dat,0.00005496,96.6568,99.3103,98.3779,94.9948
03001627_e118a2870622acaf65ba78ad9601cf1b_00.dat,0.00054729,58.3015,71.4375,53.0414,64.7197
03636649_edd398530cff676282bfcd34215ccfc7_00.dat,0.00114762,41.9018,57.5422,35.6042,50.9058
03001627_d49ce87d43cf4c8f1679065e1c457f94_00.dat,0.00012568,81.2781,95.8503,95.6204,70.6771
03001627_f1c6c74053fe8888c5f49519e3caf51_00.dat,0.00018844,66.0731,85.6845,83.4144,54.7011
03636649_f01358d4f45cae23ce670f026edf07e5_00.dat,0.00047074,58.0358,73.7953,76.8856,46.6088
03691459_f663176a43096b35a43ada367b02a4fb_00.dat,0.00028236,56.9430,77.0764,78.4266,44.6985
04379243_dd197fdad7f339cbe8b31d97326b3fa0_00.dat,0.00016093,86.9888,90.7823,94.3228,80.7131
03636649_d5815f747626cadef912acc8c54e7fc1_00.dat,0.00031974,69.5561,82.4026,81.1436,60.8646
02958343_d0e68e14e8012b497d6d702dc488f23a_00.dat,0.00019562,67.6971,84.6062,93.6334,53.0127
03636649_f7c52d5d91e5ffbfbf82a0d508a096d3_00.dat,0.00043167,47.1858,65.4873,58.9213,39.3487
04379243_f9f9d2fda27c310b266b42a2f1bdd7cf_00.dat,0.00014713,84.8516,95.2358,93.7145,77.5203
02958343_f4ff99565a93404b775cb3ac197f5bcd_00.dat,0.00030238,68.5902,81.7525,95.4988,53.5121
03691459_dafd6b7408e43ae5ec3b2e05ce8fd39b_00.dat,0.00061526,50.4906,74.6428,92.8224,34.6764
03001627_ccabe6ab0816614dde03ab2a27ba7531_00.dat,0.00017619,80.5562,89.7881,89.6594,73.1311
03636649_fe4ca0ab385784d8df6cfab91d65bb91_00.dat,0.00037473,64.7345,79.8252,87.3885,51.4079
04379243_ed9dc0937009dc031311158f08f2982a_00.dat,0.00013332,83.1443,93.5442,94.1200,74.4611
02691156_fbe788465e564e46bc0909d98a1ff2b4_00.dat,0.00008006,91.7065,97.3502,92.8224,90.6171
02958343_eb40501934995e1a6560c47a91b4db1_00.dat,0.00022650,66.6094,83.0703,90.6326,52.6531
02958343_f6bbb767b1b75ab0c9d22fcb1abe82ed_00.dat,0.00020347,67.3269,83.4605,90.0649,53.7556
03691459_da9317e5776ed22b732bda87f2718525_00.dat,0.00033955,47.9132,73.7371,71.7762,35.9583
04379243_d7d732d0ad7537eb610c2a68437007d6_00.dat,0.00039767,55.1194,75.9423,77.8589,42.6601
03691459_f0f9a2082454542751dfe6844b6e8393_00.dat,0.00028488,59.8014,79.0638,65.3690,55.1078
02691156_f25ffb9cf92236fb9671f5163e7f6535_00.dat,0.00035169,62.5684,76.9546,59.7729,65.6383
04379243_fdd8dae63e8781414a803c33df86f3bd_00.dat,0.00045444,74.4790,85.5099,85.8475,65.7694
04379243_d1457e572ef95ddbd2096b2fa6f98cc7_00.dat,0.00095980,53.1231,69.1601,83.6172,38.9269
03636649_e7e45a8f0b0ab311c754474f0ac106_00.dat,0.00006561,93.9329,98.2116,98.9051,89.4366
02958343_e8c48b9ed916910ec800bf2938639a70_00.dat,0.00025686,58.4266,80.0963,78.8321,46.4128
04379243_cd82d526e58e3e7f4fb85ea6fd426098_00.dat,0.00045934,65.0696,72.8147,75.4663,57.1906
04379243_eb31e5efeb810c5280d6227ff9b21190_00.dat,0.00046477,51.4563,67.7430,66.0989,42.1246
04379243_de500885a5cda50f99284d844aba7576_00.dat,0.00026136,82.9198,90.4222,85.4420,80.5422
03636649_e65eb892b1d1730e52470de2774d6099_00.dat,0.00011876,80.7645,92.8482,93.8362,70.8893
03001627_fc07472e4dd1b6698ae97f14e63e7e01_00.dat,0.00030242,62.7545,76.8424,62.8954,62.6142
03001627_d712f92ffb883fe6fbe6ed8d24e16d28_00.dat,0.00102410,65.8352,79.5908,92.0519,51.2415
02691156_fcc94cf74fb886b7bbf3143b1cb6076a_00.dat,0.00008682,91.6652,97.4772,96.0260,87.6833
03636649_e11d2e065d90200c7543d7dbfecfffbe_00.dat,0.00013483,80.2222,91.0637,89.6999,72.5559
02691156_d37781e47470fa3d664a56105f5816ce_00.dat,0.00040085,58.7843,73.7201,70.7624,50.2743
03001627_e545ff0d2058b382c3bd24f986301745_00.dat,0.00060981,65.2930,80.6211,74.6553,58.0173
04379243_e9fd9958920adc279943cffe175cad01_00.dat,0.00024236,56.5328,81.4089,80.1703,43.6600
03636649_ddc2d39dac6e84506c5b8009db95f66f_00.dat,0.00011161,84.0666,94.9253,92.1736,77.2704
04379243_d78d509ada047f34e1a714ee619465a_00.dat,0.00069801,51.5990,67.8202,58.7591,45.9943
03691459_cfc38353ff8392e73a7dda43d8d95517_00.dat,0.00028682,63.8458,78.7422,80.5758,52.8686
02958343_cd3db50308c852a02630fc4a206fe3d7_00.dat,0.00012993,78.4508,92.9229,97.2830,65.7272
02958343_cea62d812396c31a88ed7b6315c3b4a_00.dat,0.00021629,73.6179,87.5490,97.1208,59.2738
03001627_e821fb5eb1e21368c341afa383659322_00.dat,0.00039131,57.2075,74.6171,75.2636,46.1386
04379243_d4a3c7e26b4a6eef30bbd4cddd04c77b_00.dat,0.00024155,69.4509,82.4689,89.9432,56.5637
02691156_fdb107ea7a600f5fe3f3aec01b086ba_00.dat,0.00006102,94.5080,98.5471,96.7559,92.3622
04379243_d187561a6b0cbd0acaed5ce7390f30b7_00.dat,0.00024757,62.7846,81.8008,80.6569,51.3960
02691156_e521828113e1e0c45e28caa3b26a73fd_00.dat,0.00005289,95.2523,99.1424,99.2295,91.5816
03001627_f8bf45e20bec7cbc9cf3f05539f5c4e3_00.dat,0.00046217,42.7244,56.5376,63.7875,32.1186
02958343_e59a94eb802be5fdc4dfe1cdb8eea44e_00.dat,0.00015548,85.1814,93.9351,90.2676,80.6378
03691459_f2bb5c899ac2de670eb1591edd539b_00.dat,0.00024930,63.7460,81.5243,82.0762,52.1085
03001627_cd5007a237ffde592b5bf1f191733d75_00.dat,0.00009877,86.2843,96.1924,96.1071,78.2833
03001627_da6cbcac794d377df9111ef49c078dbe_00.dat,0.00081977,36.4948,53.7895,47.8913,29.4797
02691156_f55390ed02c0b2b36aa3bf023a2b42a5_00.dat,0.00006453,95.2890,98.4775,97.0803,93.5626
03001627_f5fdaff0ac02f106e8f8c11a24c52ebb_00.dat,0.00061818,35.2178,50.6214,50.7299,26.9708
03691459_cfdd69078d7752298b54295fac36ff1b_00.dat,0.00021021,56.6230,82.9206,73.7632,45.9465
04379243_e8502118aeed3381d5b708f09789d978_00.dat,0.00027430,60.7925,78.4717,88.8078,46.2139
03001627_ce2acc9d7aea91a0988fec2229ccf13f_00.dat,0.00048196,44.8642,65.3719,63.2603,34.7569
03636649_ea02a7933158caecfcb8d8c6d4df8143_00.dat,0.00013063,80.8940,90.2108,92.2141,72.0492
03691459_ff4bc6c329ec7bf8a0eebc16d3afb516_00.dat,0.00354423,22.4394,30.1013,35.4420,16.4166
02691156_d59bb0ad79371634f3d7c71ae132007d_00.dat,0.00018710,80.7899,90.9680,87.8345,74.7914
04379243_e263fafc76ddb82b4cc80585c0d3d970_00.dat,0.00012103,83.1810,94.6051,84.7526,81.6667
04379243_f41198b81216f36ff155d75bbf62b80_00.dat,0.00028026,65.3420,80.0127,77.8589,56.2922
03691459_fa2cf860e277919a7445d25f394949d0_00.dat,0.00024983,55.0306,77.2033,74.4526,43.6452
02958343_db41ab1176360b20314b3b3dfd6337f4_00.dat,0.00019435,69.1148,85.6432,94.4039,54.5120
03691459_fb6bb656468452fb22d1a40e420084a6_00.dat,0.00063870,50.8857,67.9345,62.0843,43.1096
03001627_e078876957aa6efbb0b0d46323bc2ae0_00.dat,0.00022143,65.1569,84.3783,79.8459,55.0327
03001627_e6b822bea1d5a5a9f7b783634bf3f92f_00.dat,0.00062658,54.5078,70.6560,77.1290,42.1466
02691156_dae96d5eb7dd6fcd2863c6a2c8157d17_00.dat,0.00020743,78.4381,88.0185,90.8354,69.0184
03636649_d2d76338428129f62ffd6bbc7610ab0_00.dat,0.00074750,42.5075,57.0593,44.0795,41.0438
03001627_cfd2b4a2c8398220731d11154716a6b8_00.dat,0.00030885,57.0681,72.4775,75.1825,45.9878
03636649_d12558a4b1dec5ab37b2bb75885cfc44_00.dat,0.00034708,68.5505,81.5646,86.9019,56.5984
03636649_dba95c4ca95048982d9c07d3b9171829_00.dat,0.00029806,64.1566,80.2118,73.7632,56.7639
02958343_cc5dd71ba849ad26d7755e7baabe8a6f_00.dat,0.00013247,81.0337,93.7358,95.8232,70.1991
02958343_e14338cbdf53c0ae3a0daf3e5400b95c_00.dat,0.00017563,76.6505,88.4569,97.8913,62.9840
03636649_d59202f9d1504c8cc65f1ed6a348c8a9_00.dat,0.00006600,93.3738,99.1468,98.0130,89.1540
02691156_f9d30b24d9651ee476c772fd813166d_00.dat,0.00005473,96.2401,99.0827,96.5937,95.8892
02958343_ebbbc8673928ad37308fb27494afe372_00.dat,0.00024634,65.6384,81.7836,94.1606,50.3783
04379243_ff58a52586bb1f692c95f6d76cb3094c_00.dat,0.00067338,46.8456,66.5279,65.0041,36.6169
02691156_eee96e21bf51ee6ce719b5362fe06bbb_00.dat,0.00005968,95.9252,98.8217,98.2563,93.7021
04379243_d533837495d31706d4bba81d85a6a53d_00.dat,0.00026852,68.5852,86.7631,73.1549,64.5529
03636649_ff07372af062502af47e57eb62ec59ec_00.dat,0.00030133,65.8782,82.4774,73.4793,59.7022
04379243_e49636394d4b0189523e5ffab409f73_00.dat,0.00079010,64.0552,79.3852,68.4509,60.1900
03001627_d3bf9df2360f0a56731dc97277e95217_00.dat,0.00024587,65.5625,85.8130,82.3601,54.4560
04379243_ed289e72b00480521fac473c90dd4a_00.dat,0.00015367,86.0240,91.7133,92.9035,80.0931
03691459_dfc0bd9721814628a4eccbbe9e05e638_00.dat,0.00094632,40.6557,62.3862,59.5296,30.8688
02958343_f8885a2372b427f8f2626f7f7bd2296e_00.dat,0.00020979,80.8513,92.4632,84.6310,77.3947
03001627_e94089cce370e7d1aae894b47cf9777e_00.dat,0.00033905,57.9741,76.0933,76.8451,46.5442
03001627_d04a1ec4ac9de6d6eab55e294b4eea02_00.dat,0.00024588,72.4668,87.5066,80.7380,65.7328
03001627_d7dfcd99197d6ae7b6dbfb7eb145012e_00.dat,0.00025957,81.1913,93.5163,95.5799,70.5680
02958343_d5d5ae304ad5376c8220afad74944c73_00.dat,0.00028484,67.4945,83.0236,76.6829,60.2724
02958343_ff2b0198eac025c6c1bcae9def1986da_00.dat,0.00013834,78.8607,92.9206,88.7267,70.9692
03001627_d01321ae63ae0b40ad1f278e1513f3b7_00.dat,0.00089330,42.9069,56.7335,54.1363,35.5358
03636649_e7b719516449701362525a4d857f099d_00.dat,0.00064403,45.5031,61.1374,51.8248,40.5559
02958343_f7b61de5d6d919a8953536e7c905b301_00.dat,0.00016499,74.5043,89.2670,90.2271,63.4480
03001627_eea2622d5a8ad64bcb23db7a28593905_00.dat,0.00091082,47.7734,65.2705,63.3820,38.3333
02691156_f12b45a38f012a78ac4f72bf08dc79a6_00.dat,0.00011288,85.1674,93.7618,85.1987,85.1361
03001627_f68b7c3a1ed7506bedd9ab1253e1a9c4_00.dat,0.00036085,45.0056,67.2802,71.8167,32.7712
02958343_eda96319f9f01f998496c87dd2a4075e_00.dat,0.00023026,68.2911,83.3088,89.3755,55.2558
03636649_e365a641480635d330c09d86acf3d5c1_00.dat,0.00040618,61.4604,74.8636,67.8021,56.2036
04379243_fc1fff82a7c97884fc5e332306225be0_00.dat,0.00022632,67.1621,85.8636,87.9157,54.3355
02691156_f07028f2080aaf4e75b90b083ed202b_00.dat,0.00069390,36.3278,52.7334,48.6212,28.9963
03636649_fd15a43ef545096fb6f5e7b313e4eaae_00.dat,0.00016564,68.8711,84.5697,55.0689,91.9060
03636649_dd40743536da78a2bf964fc57f6a7d6d_00.dat,0.00068139,56.8443,69.1835,61.5977,52.7720
02691156_e0bb0ddf67462f4a8b686f76be476fe0_00.dat,0.00005316,95.8626,98.7366,99.7972,92.2265
04379243_e4c8211dafa5b903febad4f49b26ec52_00.dat,0.00015033,77.8925,91.4176,97.3236,64.9291
03001627_f199965dc6746de38b01ef724ff374fa_00.dat,0.00036229,57.0084,76.7804,71.9789,47.1930
03691459_f9e6e10cdb3066929a3fe7e437a02206_00.dat,0.00023774,63.8143,80.0623,81.9546,52.2492
02958343_e5a3ffca76415acc33529abacbef3013_00.dat,0.00017500,72.4599,88.5789,89.9027,60.6857
04379243_d4063d86f6b2d27cd5b312abcf74b469_00.dat,0.00029114,64.7902,81.5274,82.4412,53.3646
04379243_f298b3663ae591a2276bf4bce35c96fc_00.dat,0.00038364,55.7864,73.2053,72.8710,45.1913
04379243_e6cd72665faf3180f2cf6a9bef44d625_00.dat,0.00045884,60.8302,75.3280,76.9262,50.3045
03001627_e2dbad7996e7e13430c589758b4b5646_00.dat,0.00011215,84.2878,94.6895,95.0527,75.7131
03691459_f301db000c02b9d0e45c217bb038c35b_00.dat,0.00019819,68.5824,89.4389,84.1038,57.8973
02958343_ec42bd73d57580a85b48f89d50b1db79_00.dat,0.00014743,80.4779,90.9948,94.2011,70.2447
04379243_e39bfe8848fbf76540a98a90bd0efcca_00.dat,0.00098337,74.1366,87.3957,89.7810,63.1352
03636649_e613b3c2006c457ea35a7666f0cfa5bb_00.dat,0.00033311,62.9865,79.3079,70.5191,56.9078
02691156_ef6db5bcb6bb96ddd2f0cc036969ee4f_00.dat,0.00124979,35.4650,46.8949,32.0762,39.6544
04379243_d0346744d67b08b099e8bf807e902261_00.dat,0.00027169,56.3065,73.8395,68.2887,47.9015
03636649_e02cc9c4cac285419cb07ecb5b4102_00.dat,0.00014079,79.8041,88.0419,98.8646,66.9052
03636649_f4db9c55f72edb36ad0d9196eb691e00_00.dat,0.00063703,57.9552,69.4562,50.4055,68.1648
04379243_ef575c402b734f8d810b14a81e12eca_00.dat,0.00129738,56.3195,71.0726,52.2303,61.1034
03636649_eee7062babab62aa8930422448288ea_00.dat,0.00059501,55.8337,71.8254,66.4639,48.1350
03636649_e6c64600128ca2c176e9713f57a5fcb6_00.dat,0.00097976,43.1307,57.8036,48.1346,39.0692
03636649_d3194dd3e07881828f58d8b19de93f99_00.dat,0.00020144,68.4649,87.1347,83.7388,57.9034
03691459_d05deb21bcfffb07fac7130d270bddce_00.dat,0.00051998,53.7319,73.7901,65.5312,45.5333
02691156_d0456644386d9149ce593c35f70d3f_00.dat,0.00012175,84.5353,93.4440,81.7924,87.4687
03001627_dcdb75ba399230bf98f5bccb3529a48d_00.dat,0.00017609,75.2287,87.4750,88.5645,65.3834
03001627_d3a38afe0a0341cefebad4f49b26ec52_00.dat,0.00033530,46.4787,70.1968,71.8978,34.3385
03636649_f9bed8743eba72439a4cbf5d3b79df06_00.dat,0.00024172,71.7379,85.3971,74.9797,68.7648
02958343_f78bdf493e66e19af42152005322e4a1_00.dat,0.00022745,64.8289,80.9311,90.6326,50.4620
03691459_e3a37b904381c61a46407779dbd69b2d_00.dat,0.00024495,69.7809,81.5138,89.5783,57.1503
03691459_efb2eac3d84429d6363cbfdd3d5388a_00.dat,0.00071463,57.7544,69.9368,67.1127,50.6865
03691459_faeb2f5501c8618ae47833b310955a9f_00.dat,0.00011796,82.9054,93.3337,89.4972,77.2181
04379243_db00e248dce5fe409cd431573238602d_00.dat,0.00025053,81.2878,90.4608,92.0114,72.8030
03001627_cbc76d55a04d5b2e1d9a8cea064f5297_00.dat,0.00151946,34.4621,48.6543,38.2401,31.3635
04379243_e566fd9bbc3d51d377b9297f3055210_00.dat,0.00044704,78.8002,86.9600,89.5377,70.3622
04379243_f469759b2790b6cf6c1a170c83f9532f_00.dat,0.00027031,50.5888,77.9884,74.7770,38.2243
02691156_f3463eac7325b600d01b5600c06c528d_00.dat,0.00006103,94.9268,98.1550,97.9724,92.0648
03636649_fb8be091d77118ab90fd203f931c9af5_00.dat,0.00156324,39.6377,56.3900,36.4964,43.3708
02691156_d28a3cd771b2bf1e71d03b466c72ce41_00.dat,0.00010408,89.7502,95.8818,93.5118,86.2795
03001627_faca91ff3f9e2b93a87dbaf229daf408_00.dat,0.00039940,66.4470,80.2824,72.9116,61.0354
03691459_e6e085e31c30925466bdbbf263e9429e_00.dat,0.00017224,69.8647,86.9312,89.4161,57.3292
02958343_e99b4293db002d0d2d15396b7bcc6366_00.dat,0.00027048,59.3816,78.2284,86.2125,45.2874
03636649_dbe5479ef7f6c752eb1f13e2de7cd7d8_00.dat,0.00028368,57.1612,76.2368,58.5564,55.8310
03636649_ecf9ea749680ae432d9c07d3b9171829_00.dat,0.00029141,71.4935,86.5528,89.6188,59.4665
02958343_f927a65382b9140beb0d54da59ce968_00.dat,0.00035490,53.0415,72.9447,70.2352,42.6104
02958343_d6390f62d9e036efb1bb46d2556ba67d_00.dat,0.00010486,86.5626,96.6891,95.1338,79.4082
02958343_deeed021ba7350eb9eb97066132c2975_00.dat,0.00037784,58.7000,75.8515,84.7121,44.9098
04379243_f2743fb608c502abfffc97a61124b1a9_00.dat,0.00021468,75.1933,88.1591,90.3893,64.3713
02691156_f6f5efa1554038ce2154ead1f7ab03aa_00.dat,0.00034148,73.8045,80.8088,67.2344,81.7978
04379243_d599b1176343728c6705ae120c2282cf_00.dat,0.00060732,54.7980,70.7750,74.3715,43.3808
04379243_f3f8fcf3713f89847e2388e35557b84a_00.dat,0.00029831,49.9555,70.1083,58.6780,43.4907
03636649_ea9721231b1369c93ffd072b23bde58_00.dat,0.00006065,93.7444,97.7794,98.2157,89.6624
03001627_dab5b7b9df65d2e2cf0bcb121cf32b53_00.dat,0.00031397,58.1561,77.1261,76.5207,46.9003
02691156_d74767519393a937f73e5bc170b7e2be_00.dat,0.00012193,88.2488,95.3801,93.6334,83.4499
03636649_eeffd79536a7ab3e597ff152ef65c9c3_00.dat,0.00245454,37.5978,50.1125,44.9716,32.3015
04379243_fc2ae302325d2c796820bd77cbfc18d6_00.dat,0.00046023,61.9598,76.6749,81.9140,49.8230
03636649_dfb6553d8e04cbaae1263552aa9a2d35_00.dat,0.00008897,94.0360,97.5330,96.7964,91.4286
04379243_fe0a8440aef8f597a6656391f7752a4d_00.dat,0.00025940,68.0538,82.9899,91.1192,54.3069
02691156_e0b5c450de6d7fe3d87c63d8b3018b58_00.dat,0.00019911,73.7943,85.8932,81.8329,67.1937
03001627_d1caa22978e516655c31590a2627247_00.dat,0.00037177,46.3984,66.3617,60.9084,37.4717
02958343_ee594be09a857234c9789b2cfb3d252a_00.dat,0.00028198,58.9170,78.1108,78.2644,47.2393
02691156_f50eba69a3be1a1e536cfc00d8c31ac5_00.dat,0.00019713,77.2628,89.7782,77.4534,77.0732
03001627_e67d503940c1d95b73e5f839658fc536_00.dat,0.00057519,47.4206,65.1405,57.0560,40.5694
02958343_fe3239214e58828b6ca2b6e5474aad11_00.dat,0.00045530,50.2883,67.7281,63.2603,41.7311
03691459_d14e6214d7dd4ed62d563c85edb49108_00.dat,0.00108482,37.3234,54.9408,63.7064,26.3931
03636649_d582dce8cd58bc57899bad344dc01f2f_00.dat,0.00024295,76.3636,89.4253,80.9408,72.2764
03636649_e6de1ff0564f172ad96790493cac7283_00.dat,0.00053527,57.4447,69.0842,66.0584,50.8183
02958343_e97d26f05a68f833cd89498c213958c8_00.dat,0.00077685,43.9657,58.4863,67.0316,32.7100
03001627_df55d3e445f11f909a8ef44e1d2c5b75_00.dat,0.00039376,59.1561,75.0234,79.3187,47.1665
02691156_d4aec2680be68c813a116bc3efac4e3b_00.dat,0.00006794,93.8338,98.1795,98.1346,89.8941
03691459_f6cccbb93c35fcaed49b96b9f2811c7d_00.dat,0.00041386,50.8108,69.0915,64.4363,41.9419
04379243_e18d2ccfd7e0da86bc22c9f90939338_00.dat,0.00054499,65.1591,79.7052,76.0341,57.0058
02691156_d919249737749c36417568af9ae9577f_00.dat,0.00004455,97.9740,99.8412,99.1079,96.8658
02691156_ebedcd06f1770cd4bbf3143b1cb6076a_00.dat,0.00004627,97.8336,99.8127,99.4323,96.2854
02958343_fee1c13922c07e8711b978ff9450f61b_00.dat,0.00025063,63.1656,80.5873,92.4980,47.9576
02958343_ea968c62444e9bc6a385408af3374537_00.dat,0.00019684,73.8418,86.1333,95.9854,60.0000
02958343_f76df2076c3af2b61244a04f5190e0a_00.dat,0.00047970,45.3622,62.9964,50.6488,41.0748
03001627_e27cb29cc3df4d0330989b15eb158e03_00.dat,0.00012135,81.8939,94.9407,95.0933,71.9122
03001627_e967c4817872b637de03ab2a27ba7531_00.dat,0.00035603,52.8207,69.7285,81.9546,38.9681
02958343_dee55e3cad3f8fc27f45f210ce517828_00.dat,0.00016756,72.1543,89.1497,85.4826,62.4216
03636649_d91cf049fa961ccb59f8e31ca87c470e_00.dat,0.00044593,63.4384,75.5419,64.8824,62.0573
03691459_e878e519af882f493fc48162942e3418_00.dat,0.00083578,43.9963,60.5851,59.8540,34.7813
04379243_dc3167808a79ebe24a1806c17996a001_00.dat,0.00050912,47.0365,65.0191,66.9911,36.2414
03001627_e6b2017501b20ce1eff1a662025674bf_00.dat,0.00024379,71.6519,87.2299,84.5093,62.1901
03001627_fd244782842c611b6443e5551f9d3958_00.dat,0.00028010,58.8447,81.0229,86.4152,44.6116
04379243_cf046edeff204b81cdf7280ff8af6720_00.dat,0.00011475,85.0086,93.2737,91.7275,79.2069
03691459_f8fde8f5f364087d2d563c85edb49108_00.dat,0.00077429,32.2740,49.5652,45.9448,24.8730
03691459_eae023e4c609a77799234ad1a4f88718_00.dat,0.00027417,59.4140,78.2156,77.7372,48.0809
03691459_e854747b2165ffd6f8b75fa4030d2e21_00.dat,0.00110924,27.0968,43.5017,39.2539,20.6893
03636649_e7310381c64cd87f8880edc6251fa529_00.dat,0.00253438,21.9719,31.3797,25.5880,19.2513
02691156_f3cc7d5c4089b842df6e254b0245ddcb_00.dat,0.00004843,96.6230,99.3985,99.1484,94.2231
03001627_d4d9b991ff7d31e8c8687ff9b0b4e4ac_00.dat,0.00018455,72.0536,86.0819,93.3496,58.6693
04379243_e96108e514142d13b3cf15c77de45986_00.dat,0.00028967,77.6710,86.0017,84.1038,72.1523
04379243_eeb23be65d6c76123199fadac163f8c6_00.dat,0.00020643,66.5408,86.7398,89.9027,52.8161
03636649_fd074c0819b9934f73b8ea30c1700f67_00.dat,0.00287485,31.0677,38.6039,24.0470,43.8783
02691156_dfa310706fad49d873ec74c119307b9_00.dat,0.00004538,98.0263,99.5671,99.4323,96.6595
02958343_e39e852b502f0836becf71e2e014ff6f_00.dat,0.00028864,59.6126,78.0172,85.7664,45.6822
03691459_f6d6ab4f49238452b45df535caecae62_00.dat,0.00053564,58.3952,78.2495,79.7648,46.0564
03001627_fa8f7c225d3b9f1def4a09e7eb872bd9_00.dat,0.00007649,92.4044,99.1330,98.2563,87.2104
03001627_ff3a6eb4556b2c0eb04cb542e2c50eb4_00.dat,0.00019277,68.5246,85.8203,86.8208,56.5976
02958343_fdcc09ad608e95b4b631b59d5abd1cf8_00.dat,0.00020086,71.3194,85.5607,96.4720,56.5702
02691156_d20e3ed9b3430672bbf3143b1cb6076a_00.dat,0.00004667,97.7313,99.6185,99.6756,95.8615
04379243_d3c31829b1295d0abf22a5ca4fa4678e_00.dat,0.00011372,86.6397,94.4910,89.9027,83.6053
03691459_dc9c9ce6dc9a771f500158c23c4c5a8e_00.dat,0.00013924,77.2633,89.9154,93.3090,65.9264
04379243_f7b8a1d716dc1725aa7cb30470f3273c_00.dat,0.00013733,82.3655,93.6194,80.7786,84.0160
02958343_d4d7d596cf08754e2dfac2620a0cf07b_00.dat,0.00010323,85.9370,95.8800,97.6480,76.7341
03636649_d460bf2dd59883f44e1a714ee619465a_00.dat,0.00034615,68.5454,81.9294,73.4793,64.2324
02691156_f1384d3fd2d59e63f4d6518603e8629_00.dat,0.00005568,94.9609,98.7913,99.7567,90.6051
02958343_fd0a1df53e51b4c79521b2829d4191b4_00.dat,0.00018355,68.5617,87.1732,87.3074,56.4429
02691156_df0b14faa90bd4dce68b9e5f5c3d0eca_00.dat,0.00008602,89.8077,96.8817,92.4169,87.3418
04379243_daaa70967da2bad4e80de6380bdd8c21_00.dat,0.00012619,86.1600,94.1129,86.6586,85.6671
03001627_d661b52c3763eec020768660cf080d12_00.dat,0.00046527,43.1711,63.0496,56.8532,34.7969
02958343_e042d636cfca46f56436916a86a90ed7_00.dat,0.00025260,61.1700,80.0775,86.7802,47.2313
02691156_e33fbcf5b616d6f9f44f89e40af48618_00.dat,0.00005379,96.3531,98.6481,99.2295,93.6387
04379243_fe25a9fdbf70cc25f81ed792b3a38b04_00.dat,0.00013822,82.8149,95.9908,93.1873,74.5202
03636649_e13a855926f25ffc5285aeabe3f6e218_00.dat,0.00119177,32.2544,47.4804,43.1062,25.7675
03691459_d3e279ab7bb0dcbb85d9d97241397921_00.dat,0.00027351,58.5256,77.5658,78.1427,46.7815
04379243_eae36b396f6b5f97664b3b9b23ddfcbc_00.dat,0.00026215,71.0424,81.0440,89.5783,58.8624
04379243_f6f180c3e72caacb5077539b37310c29_00.dat,0.00021399,69.1151,84.7928,93.5523,54.8005
04379243_e2a56bcdb18d820047ad57fbec8be0bc_00.dat,0.00035532,45.3107,69.0706,63.2603,35.2958
03636649_e37796d40348fa5fd8013bb984303089_00.dat,0.00207078,30.5209,40.8082,25.9935,36.9579
03001627_e065edba45aee481490ad276cd2af3a4_00.dat,0.00017004,73.9561,87.4883,81.5896,67.6287
02958343_f246c0bfe476a452becf71e2e014ff6f_00.dat,0.00029309,67.6744,78.5651,97.6886,51.7688
04379243_cfe15cdc16a2e2054e2e1b2af0cc59a7_00.dat,0.00032326,80.5329,85.4551,94.5255,70.1488
04379243_d3a72603f65b921b391e4d6c585a697a_00.dat,0.00026534,62.0387,79.9174,95.8637,45.8579
03001627_eac0a44a4b4bf460f37e11038ce8fb27_00.dat,0.00012091,83.4934,94.6128,96.7559,73.4285
03636649_fc602899fa852d6878aa68632c6b1d5f_00.dat,0.00023559,69.4873,83.9706,86.2936,58.1602
03001627_cee5c4ec2b284e7317b431cae0dd70ed_00.dat,0.00056529,52.2648,67.5797,59.2863,46.7304
03001627_cbc47018135fc1b1462977c6d3c24550_00.dat,0.00066912,45.0234,62.3280,64.2741,34.6464
02691156_e0df97dfc068e3664bf88973bd147a26_00.dat,0.00029737,82.3303,88.6428,95.7015,72.2374
02958343_e28b15ce3e0f68999916a6396d9c900a_00.dat,0.00010881,84.6466,96.1772,95.7421,75.8557
03636649_f10af3d00a4c3e89f51f77a6d7299806_00.dat,0.00048494,55.9082,71.3636,55.4339,56.3907
03691459_d3817d6003473f1c3971c6f4f1d0a4a0_00.dat,0.00033990,69.2381,79.3706,65.6529,73.2376
02691156_de5cade3966a1dad94946b454cd190d0_00.dat,0.00020353,81.5789,92.5536,81.7924,81.3665
02691156_e3f562bd552fbb14496e2f80fb255499_00.dat,0.00047589,72.2616,83.4924,88.4023,61.1050
02958343_f8dace6f0c680fae994a3466f8481f8a_00.dat,0.00049635,57.7648,71.6046,82.4412,44.4576
03001627_e955b63a4bd738857178717457aa5d20_00.dat,0.00024343,67.9059,83.7265,84.7121,56.6642
02691156_ec8ba88cdead53f336dafa9b6763ef3f_00.dat,0.00018597,81.3010,91.3494,91.2003,73.3403
03691459_efb33523a6be2e105a31d91ec836a511_00.dat,0.00009920,87.6491,97.6740,97.1614,79.8332
02958343_df91db4ada9bad0f9c0cac0d72a31ff9_00.dat,0.00020310,71.6071,86.3871,91.1192,58.9778
02691156_fe4ad5664773074cb536c73c7d134340_00.dat,0.00005746,96.6610,98.4078,99.1484,94.2953
02958343_ea58938dca17f3853c9cf79df3851b10_00.dat,0.00018166,74.8955,87.9098,97.6480,60.7422
03636649_fe200902555dd8c89f2349486c570dd4_00.dat,0.00016801,81.1632,89.0692,87.5507,75.6444
03691459_ce21542cb2b0bb3458107383640dddec_00.dat,0.00035972,55.0975,72.7087,63.9092,48.4213
02691156_d7454b0e80d3236ff268234accd8cf4e_00.dat,0.00038612,52.2233,66.0863,66.9505,42.8070
04379243_d1cc46478cde981b9a980acf1a5058aa_00.dat,0.00015488,71.7165,91.6495,87.1857,60.9095
03691459_ea4215e0c4455737dd3b7710c385b572_00.dat,0.00036889,64.7062,80.1836,67.4777,62.1533
02691156_f1210d8f895e40b663c15773e7567372_00.dat,0.00011814,88.7397,94.5707,96.4315,82.1844
03001627_f428a799c3185ee0c8687ff9b0b4e4ac_00.dat,0.00023211,60.3268,82.9795,71.0462,52.4181
03636649_db447b84e1a8d8d6ba5342d638d0c267_00.dat,0.00128750,29.7246,43.0434,43.6740,22.5289
02691156_d4d61a35e8b568fb7f1f82f6fc8747b8_00.dat,0.00007781,92.5714,96.8561,98.9051,87.0000
03636649_fdc4b403601fedf955b7716fb9f91d35_00.dat,0.00253589,31.2698,39.8590,30.9408,31.6058
03691459_f7a45911d01fe4a961775b840d882da9_00.dat,0.00017206,73.4698,86.8688,74.7770,72.2075
03001627_cbc9014bb6ce3d902ff834514c92e8fd_00.dat,0.00009852,89.4593,95.8997,90.3487,88.5872
02958343_d2d9bd9909125085b746f23ed32d4ff_00.dat,0.00028120,61.2660,79.3999,76.7640,50.9746
03001627_f34fea2c05dc63d090984ccce1017e45_00.dat,0.00029067,63.2293,80.6404,71.4923,56.6785
03691459_e5c2ab51068e9f8b58ad8ba2f750cf1d_00.dat,0.00037996,64.8465,82.7214,82.6845,53.3393
03001627_eda8edcd64072b0db784faac204319d9_00.dat,0.00065695,55.5473,68.8922,63.4225,49.4118
02691156_ecbb6df185a7b260760d31bf9510e4b7_00.dat,0.00028982,67.3317,84.3072,71.3706,63.7255
03636649_d0018775e9f2d109fcb8d8c6d4df8143_00.dat,0.00010470,85.3726,95.1688,95.3366,77.2944
03001627_d57bbc72d1b2670e4209d14d674fb332_00.dat,0.00079415,35.2748,50.5844,43.8362,29.5112
03636649_d3f84442201b6c137fb7f79251dd7727_00.dat,0.00154696,38.9436,50.8616,41.3220,36.8241
04379243_f4d21f925b703fb7e46b767696592d01_00.dat,0.00386081,68.5730,72.3607,92.7818,54.3832
03636649_e8350583c84b5e6731ae8c8ff1eb3d45_00.dat,0.00013881,81.7229,92.4355,85.6448,78.1445
04379243_ef62dad7755794a47558b47f7ba0b0c_00.dat,0.00016227,78.8772,90.8405,88.4834,71.1526
03001627_ec78623a598fb6d67fa68300c57bff0a_00.dat,0.00024367,63.0280,81.4637,82.9278,50.8305
03001627_e5a65fb8c660ef96dbbc9440457e303e_00.dat,0.00038305,63.6372,80.6070,78.1427,53.6738
02691156_d581b2e10f8bc6aecc1d733a19631a1_00.dat,0.00009242,91.5315,96.5596,91.2003,91.8651
04379243_d578287c4a9452efa9af104529ef47c3_00.dat,0.00017969,72.1828,90.2604,88.8483,60.7818
02691156_dc03e743739c4f87c27f2d9f006d69eb_00.dat,0.00009498,88.7630,97.7344,93.6740,84.3414
03636649_e02e79e028662e9ffcb8d8c6d4df8143_00.dat,0.00052848,43.0261,58.7411,45.7421,40.6146
03001627_e4cc5cee7b011df316037b4c09d66880_00.dat,0.00026802,59.8403,79.5866,78.7105,48.2684
03691459_e2c1e8958295f84459fca7a6b28640d3_00.dat,0.00074390,36.0102,51.1135,46.2287,29.4913
04379243_f864677894410315ab610b0c94236463_00.dat,0.00019666,80.2567,90.1613,80.1298,80.3840
03636649_e35c4fadbf8d0426c26e81144f3196d5_00.dat,0.00017842,83.3449,92.5570,93.3496,75.2772
04379243_e08d1cd0dc7dc73db9d7c2fc41e80228_00.dat,0.00010261,85.7871,96.5711,93.7956,79.0385
03691459_d5f20697fdea1b20fbc9490485dff00c_00.dat,0.00063938,44.1769,59.0970,57.7859,35.7561
03691459_eda3d466ae38e9112a40b4a3ef70af61_00.dat,0.00044805,44.6759,67.1592,66.6261,33.6047
02958343_e2d097edd2a10645becf71e2e014ff6f_00.dat,0.00036201,64.7359,80.2581,83.3739,52.9084
03001627_d36de0f850783d8fd6b3090036b71698_00.dat,0.00019220,73.3835,85.9295,91.3220,61.3354
02691156_d70d648947c65b1eca8607f540cc62ba_00.dat,0.00005312,97.8281,99.5876,98.3374,97.3241
03001627_f0f9d29b3eb76fb7490ad276cd2af3a4_00.dat,0.00017324,63.1866,88.6723,81.3869,51.6388
03691459_d457ef805b078d037f5e8f62dd90fb59_00.dat,0.00044652,52.7532,72.4363,67.9643,43.1057
04379243_ea6571f7ef98f562fca88347d0eb86ef_00.dat,0.00077298,48.9423,69.3867,87.1452,34.0259
02958343_e69a5ad60aad3da2292296f0c84d7087_00.dat,0.00070616,38.9216,56.9557,51.5004,31.2812
04379243_ce4fde399bd5f6f6784a45ea6efa1d77_00.dat,0.00018968,75.6800,88.9145,86.2936,67.3913
03001627_d6e5a8e9e0d5dfedb0957d845ac33749_00.dat,0.00051049,52.0455,70.9926,72.7494,40.5152
03001627_faef9e4cff5fa61987be36ce60737655_00.dat,0.00015067,79.2487,91.9705,90.0243,70.7770
03001627_fb381061e67388ba80360680c1602c7d_00.dat,0.00021772,73.1976,88.0479,88.9700,62.1753
04379243_d7dbf6005f2e8fccf6ef7bb1183682c_00.dat,0.00061888,85.7321,92.6839,83.8605,87.6891
03001627_fb71fc8021c89cf342d8a8c5af8997e8_00.dat,0.00018544,64.3847,86.5664,80.7380,53.5403
03636649_e688f147080f123828eb8d149efa4062_00.dat,0.00045185,65.7718,79.7983,80.4542,55.6213
04379243_eed0984ed7a72e99cd1c64069cf52e3_00.dat,0.00036971,60.6425,75.0812,84.5093,47.2877
02691156_f16381a160f20bc4a3b534252984039_00.dat,0.00007459,92.5941,97.7925,97.7291,87.9717
02958343_f9fb47305ee7156d59139efcde1fedcb_00.dat,0.00015569,73.9361,90.6441,90.9570,62.2814
03691459_d46c71be46696b1d41ba258440d3e234_00.dat,0.00058224,49.9182,74.7128,70.7624,38.5598
03636649_d87a2d766579f15e38b27a25d1336579_00.dat,0.00007309,93.7135,97.6588,98.4996,89.3709
04379243_de1d044910991a072d184f71ff3205f5_00.dat,0.00062661,78.8473,88.7769,79.8459,77.8734
03636649_d438e1e1b540a30b1f329c416dca6157_00.dat,0.00025081,59.5965,79.2075,64.3552,55.4931
03001627_f4a2478ebfac3e56b0957d845ac33749_00.dat,0.00119587,55.4626,65.0200,47.9319,65.8006
04379243_cd224ca2a8aa04b11362d127df6d94eb_00.dat,0.00021872,82.3608,92.5612,88.5645,76.9694
03001627_cc25ba35b3f6e8d3d064b65ccd89778c_00.dat,0.00034592,54.2798,77.5433,63.5848,47.3505
03001627_d3ff300de7ab36bfc8528ab560ff5e59_00.dat,0.00021153,71.8239,89.3165,88.0373,60.6536
03001627_d74870729fb3e3c5aa0a75782a86b0f3_00.dat,0.00017561,75.3546,87.7663,73.0333,77.8283
04379243_e2121844a25d93b2c3bd24f986301745_00.dat,0.00057574,66.5651,76.9583,73.9659,60.5107
02958343_fcd90d547fdeb629f200a72c9245aee7_00.dat,0.00012310,82.0132,93.0516,96.3098,71.4125
03691459_d4ae1449bdee448b1ab68128992ea30_00.dat,0.00082535,50.1388,64.2068,56.6910,44.9442
02958343_e213d976734431773a3afd30f2e86bd7_00.dat,0.00028047,53.4437,74.5271,89.7405,38.0527
02958343_cdc8453c63ffc13e20f29d4da2b76f7a_00.dat,0.00021028,69.4985,83.8203,91.2003,56.1396
03636649_d153ae6d65b31e00fcb8d8c6d4df8143_00.dat,0.00196223,25.7310,38.1767,29.7648,22.6601
03691459_ef509cfed1b359a7dc1ad15ea0771770_00.dat,0.00014591,73.4483,90.5980,85.2798,64.4998
03691459_f0b4735b45d1a6b51aadbcf355bd688f_00.dat,0.00031038,68.8032,82.2784,94.6472,54.0457
04379243_f023a5489450b924520ad20925ff9d2d_00.dat,0.00022932,64.9015,79.0907,83.2928,53.1630
03001627_fd5ac9b342fe518b9d3ea1c6b57a0095_00.dat,0.00023451,58.5346,80.1343,72.1817,49.2273
03691459_dd05c61250149ba5d49b96b9f2811c7d_00.dat,0.00013420,82.2924,93.8189,98.1346,70.8542
03691459_e1bcea986fcbb7fab359198a2f47cf13_00.dat,0.00037074,56.7189,75.8584,64.7607,50.4537
03691459_f3f07513f7deb6d1e4ad2926a22bd27d_00.dat,0.00038863,70.3629,84.2211,96.7964,55.2697
02958343_ce8dae15de55bc57ec96068985a57399_00.dat,0.00030196,55.2625,76.8794,58.1103,52.6809
03001627_fe20f6a58ca6c84c914eb005afa6475b_00.dat,0.00084227,43.9460,57.9661,61.2328,34.2709
02958343_d8830880072d3f2077daaf29eed61abc_00.dat,0.00074474,45.6873,60.7054,51.8248,40.8496
03636649_d7465ce6bfe4b898c98f75a9ff83e3b7_00.dat,0.00106363,53.8241,65.3799,52.6358,55.0673
03691459_d06487d7634bdfddc1b62a5dd6fee95_00.dat,0.00053639,48.4914,65.8317,72.8305,36.3453
03691459_e5a6dfbc6e89ba42bbdf3c5f28fe5d98_00.dat,0.00051041,40.5174,56.7150,51.8248,33.2604
03636649_d49a8626a9eb5ac2553bbd6d743ae8f6_00.dat,0.00432234,16.4153,24.1002,17.8427,15.1994
03691459_e71f2c0e0c760ae98139dd63d55edc44_00.dat,0.00013580,76.9587,93.8845,87.7129,68.5536
02691156_eed299b690be51ffbd931fcaa69140_00.dat,0.00005095,96.2676,99.1216,98.9051,93.7672
03001627_f39d429ab98d5323a1a6556bd50a3110_00.dat,0.00018075,67.3637,88.6164,87.8345,54.6312
02691156_e0e0d713c8969b52ca8607f540cc62ba_00.dat,0.00015336,80.9567,90.6018,87.1857,75.5584
03001627_f268849e43f64861cb3a30f2c37c38a6_00.dat,0.00110271,36.2178,52.2598,47.2019,29.3808
02958343_fa234addf8fe4f7fbda733a39f84326d_00.dat,0.00022643,62.9951,82.3968,84.1444,50.3420
03691459_e750bda061e86402cf39ad4726172e1d_00.dat,0.00066117,49.0356,66.9788,61.3139,40.8544
03636649_e1ecd3a4734b91fffcb8d8c6d4df8143_00.dat,0.00009167,88.7786,98.7456,90.5109,87.1113
03636649_de063371e5ef119cfcb8d8c6d4df8143_00.dat,0.00012802,80.4168,95.5410,85.4015,75.9820
03001627_d50b0c6c006936f8de03ab2a27ba7531_00.dat,0.00020844,70.6098,86.6313,72.3844,68.9201
03636649_ed57181b9e7644a3f51f77a6d7299806_00.dat,0.00022216,82.8819,89.5916,85.5637,80.3631
03636649_e9df996dd33c009bfcb8d8c6d4df8143_00.dat,0.00035464,68.0223,79.6448,68.4104,67.6386
03636649_dc5e7460dff922246a44fdd49dec8069_00.dat,0.00004641,98.8443,99.7586,99.9189,97.7925
04379243_e28354127815445a83e5416284930195_00.dat,0.00049497,64.5148,77.9065,75.3447,56.4069
03691459_d5e77992b28da2729c90f715a36a51dd_00.dat,0.00077217,62.3175,76.5563,92.9440,46.8724
03001627_dcbb15dad2001a0b8a4c763d71484708_00.dat,0.00033375,60.3184,76.4259,84.7526,46.8201
03636649_d5e278feb6007ccb88e7662971dc736f_00.dat,0.00100397,53.2483,66.4922,56.8532,50.0732
02691156_d12f7698698bbc8f9b10643ba761a774_00.dat,0.00036901,55.2950,71.8663,66.1800,47.4848
02958343_d8162c4884f7a1e37e8b8e914ac86db_00.dat,0.00020593,67.7627,85.2083,90.7543,54.0658
03636649_da12a5d96b465cf6bced73c51e99f8b2_00.dat,0.00016322,74.0570,90.9018,75.5474,72.6242
03001627_e0a011619d6c9df19f1deb04fb8ae481_00.dat,0.00042499,68.3074,84.3327,87.1857,56.1493
02691156_f5a8cae96024e709c1ccec171a275967_00.dat,0.00006434,94.7811,98.3885,97.3642,92.3315
02691156_fbc429365ab7136be1a9c234926c21e2_00.dat,0.00013500,83.4835,91.4512,84.9554,82.0616
02958343_d0cf2f187acda5736be7348aa770e4ca_00.dat,0.00025262,73.0400,86.4154,91.6464,60.7137
03636649_e1c49baf0a79732a7eeca6709b6a824e_00.dat,0.00085484,45.3411,57.9503,44.2822,46.4519
03691459_f9250e29e640eff9a5f99ba0b2469cd9_00.dat,0.00026478,65.6392,85.6674,94.6878,50.2297
02958343_ed6bf649ad5b3d82b1bb46d2556ba67d_00.dat,0.00011917,84.1993,95.2437,96.5531,74.6482
03636649_e22cc77e9bf9eb0875d36c94c257eb30_00.dat,0.00022523,69.1064,83.4493,72.4250,66.0785
02691156_fa4e8f24d7f0ae1cc1ccec171a275967_00.dat,0.00005992,94.5571,98.8235,99.3512,90.2044
03691459_ec1b85abce89d680a7bc6032416bc8ae_00.dat,0.00097921,58.6159,79.1493,69.3431,50.7630
02691156_e0ad511aab31dfdb3e237dc81fd8be72_00.dat,0.00196069,13.6452,22.0929,9.8946,21.9753
03636649_dbc50a84c8d24f9168c981036afdae64_00.dat,0.00027519,53.7226,77.2276,64.3147,46.1260
04379243_ec356bd4c5cea755748e58db1ff83cee_00.dat,0.00094930,57.0663,75.8138,68.2482,49.0327
03001627_e23400a634c81fec3cc5c2b17dc81196_00.dat,0.00041776,53.9440,72.6642,73.3982,42.6417
02691156_e9f39176973edd33a8cba409c4409ba9_00.dat,0.00008230,92.2794,97.0567,93.9173,90.6977
04379243_fa719ece51c607383f3fb2f375c18a84_00.dat,0.00047290,48.6446,67.7148,59.6918,41.0478
02691156_ea6ccb2dfb61484caaa29616be3e223b_00.dat,0.00005189,96.9480,99.3442,99.4323,94.5848
02958343_e7141fa81a2828841e8bd72b0feca0a8_00.dat,0.00009937,87.3746,97.1305,96.8775,79.5694
03636649_e053e531fc4341b5fcb8d8c6d4df8143_00.dat,0.00022974,59.5489,80.1932,70.1135,51.7511
03691459_d97a4771b9d796a22d1a40e420084a6_00.dat,0.00017515,74.1872,91.2887,93.3090,61.5697
02691156_f6b7f7695d091b9bc0909d98a1ff2b4_00.dat,0.00005197,97.5876,99.0415,99.5945,95.6600
03691459_ce90cf5be2ffbf92505e438c8a36b3e7_00.dat,0.00032257,56.5601,75.9987,84.5499,42.4930
03636649_e2e7f45670fc5e369a6c869309041adb_00.dat,0.00052285,55.1246,72.3232,77.4939,42.7767
02691156_fbb2e9c15888afcaca504cdc40c452de_00.dat,0.00015312,86.0458,93.5548,93.4307,79.7428
02958343_ce80b59208448fed627014ff98c41eb1_00.dat,0.00017527,75.2950,88.8527,97.2425,61.4302
02958343_d287b02b4679c70ab7902335d9dd94a2_00.dat,0.00020847,72.9871,86.7169,88.3212,62.1899
04379243_e09377eefe363b4f8101accd22c701b9_00.dat,0.00023697,95.9651,98.2309,99.0673,93.0513
02691156_d9dd8dd2c422dadaad70e50d5d7d02a5_00.dat,0.00008658,90.2706,97.0659,97.4453,84.0800
03691459_e4edc21690f623a35587d8c9be86464a_00.dat,0.00045504,60.0416,74.8066,88.8078,45.3516
04379243_e439549f5da57f5ea5676001632ead27_00.dat,0.00012769,82.0762,92.0354,98.9862,70.1007
03691459_f7624b0826b4da3ae7e41e72dd76c27a_00.dat,0.00025669,60.8794,82.9442,89.1727,46.2158
03001627_f35645e0b1141804a57b3bec78e5d1b3_00.dat,0.00088965,42.3633,58.6653,57.0965,33.6741
02958343_fe03018ebd46786cd436d4e00775800d_00.dat,0.00053477,43.6412,64.1631,67.4371,32.2584
03636649_f97011a0bae2b4062d1c72b9dec4baa1_00.dat,0.00035391,61.2735,78.0037,63.4631,59.2300
03001627_f1f40596ca140cc89cfc48dba5c0e481_00.dat,0.00089212,31.8535,45.5279,44.4850,24.8090
03001627_f9d050a51da1f3ed30bbd4cddd04c77b_00.dat,0.00043714,47.4594,67.2975,68.5726,36.2868
02958343_f36ce0c0cd0cfacba7742c4ce47c2229_00.dat,0.00021900,65.5964,81.4337,95.9448,49.8335
03001627_dcfd665cdc0b01e7b04cb542e2c50eb4_00.dat,0.00038024,56.2141,72.8768,68.8564,47.4940
02958343_dc21458ae25fd8f8e1d07440940052aa_00.dat,0.00031161,55.5580,75.0217,62.7332,49.8558
03636649_fce6b0ca06f8a565b45df535caecae62_00.dat,0.00006785,93.5094,97.5108,93.3090,93.7107
04379243_d2b7b34e176262513521fe8ac6222005_00.dat,0.00014860,73.3120,89.9258,90.5921,61.5681
03636649_e0aa085dfdb0ac03ef3a2c64cef919d0_00.dat,0.00015598,79.5802,91.2686,81.0624,78.1513
02691156_fd0262e95283727d7b02bf6205401969_00.dat,0.00015409,80.5103,91.5486,84.5904,76.8057
02691156_e3fd510add7b1aa3c19eb6ab3736de88_00.dat,0.00029095,69.2773,84.5544,74.8581,64.4708
04379243_cf076ced8264a480cce90f0d61ed7a70_00.dat,0.00019908,68.1279,84.2807,86.2530,56.2975
02958343_db29d4701a688d80283ffcfc40c29975_00.dat,0.00014016,77.8835,91.8805,94.6472,66.1645
03691459_cc9edcabf65e42d3febdb1f263373824_00.dat,0.00056588,55.3680,78.9566,81.3463,41.9660
03001627_d2c93dac1e088b092561e050fe719ba_00.dat,0.00022191,62.6541,82.4457,74.8175,53.8926
03636649_ec876529d01d4df490ad276cd2af3a4_00.dat,0.00037647,60.8944,75.5692,69.0592,54.4561
03636649_d08164b754c2f139b93e96f21cf0da86_00.dat,0.00034169,68.8392,78.5362,77.0479,62.2112
03001627_d2815e678f173616e6cfc789522bfbab_00.dat,0.00027367,60.0555,76.7985,50.5272,74.0128
02958343_d50fcb81298e51e4afe717997470b28d_00.dat,0.00027338,79.8190,89.8123,80.6975,78.9594
02691156_de29a1335c332a5ef7bc9a344bb7bae5_00.dat,0.00013568,82.7694,92.7496,85.8475,79.9043
02691156_d07277bc3c95a365bd46d022fd7d80aa_00.dat,0.00004659,97.1228,99.6376,99.3106,95.0292
02958343_d3518c00029f487f84b1aa0ed7e58be1_00.dat,0.00022337,63.4251,81.9193,87.8345,49.6321
02958343_df1d1694cb98584cc23e2024862e7f3_00.dat,0.00020199,70.3109,85.2692,95.0933,55.7752
02691156_d276954441de1e878a3d2bbe7d58317e_00.dat,0.00028714,59.2026,75.1790,72.8305,49.8708
03636649_f330eebb153447181735ea0e092a805a_00.dat,0.00365353,29.5927,36.5887,31.9140,27.5862
02958343_dca1e82e7d39edcbc2c2c81e2232aa95_00.dat,0.00021437,64.2654,83.2869,95.5799,48.4063
03636649_f4e1a4032b1686cec35131da26f8061a_00.dat,0.00052426,62.7134,73.1235,61.8005,63.6537
02958343_dbda3ad5d63a4570da3b4c3222e87c09_00.dat,0.00024783,58.2303,77.7305,89.6594,43.1164
03691459_ecfb9655edf2b5297160646d65ba4383_00.dat,0.00033255,51.7736,70.0043,73.5199,39.9554
03001627_d32f32d76d7f53bf6996454765a52e50_00.dat,0.00027327,60.0661,77.4523,68.9781,53.1935
02958343_eb9569bf211fa2c7774e0bc2f3636d5c_00.dat,0.00020122,73.6172,85.7133,84.3471,65.3091
04379243_e6cb8965b985b8a07eec403e4de3e723_00.dat,0.00049015,72.6295,81.0346,83.1306,64.4839
04379243_d76d897ff334065a82130856eb48454e_00.dat,0.00024623,72.1853,88.0118,97.6480,57.2554
02691156_f9589c9b900fd33ef23c3116d040903f_00.dat,0.00006862,92.7775,97.5983,97.2830,88.6708
03001627_e5b0325d624a692467d783b4714d4324_00.dat,0.00042766,56.4911,70.6123,69.2620,47.6966
04379243_ecbb5a30557f659b2c528d33bca1ac2_00.dat,0.00023165,63.6026,85.8052,81.6707,52.0808
03636649_e8927203fbdbe320c02170c33e00ea64_00.dat,0.00020744,72.3967,84.8700,90.4298,60.3599
03691459_cb904746fddde134b9e8bdc9c4a49aa2_00.dat,0.00030258,74.7065,89.9431,93.4712,62.2163
02691156_e66692f2ec8ea898874f1daffc45b57c_00.dat,0.00005839,94.1974,98.4076,98.6212,90.1533
03691459_fb60dd3c36439d836d74ed7e4da4b6ec_00.dat,0.00045337,50.7342,66.9271,60.4217,43.7239
02958343_e24f388736f4e6fd2cdd250493632937_00.dat,0.00028367,56.5266,77.6554,89.9838,41.2057
02958343_d2fb8f1c179dbf4e31269fbdcb80cff6_00.dat,0.00018386,70.8843,87.3735,95.3366,56.4148
02691156_d639c8d2f55982558b96ae1a0a8b84ec_00.dat,0.00005565,95.9677,98.4658,99.7161,92.4908
03691459_d027e01fdb3830687ffb47acd56f396b_00.dat,0.00011807,82.4192,95.9924,95.6204,72.4209
02691156_faa361f642620bb72def37e9c0b35d0e_00.dat,0.00008124,90.6245,96.3027,98.1346,84.1821
02691156_f067fb1b12badf2b732bda87f2718525_00.dat,0.00012071,87.6794,95.5659,94.8905,81.4869
03636649_e529fc190753cc9df647dc544bb0ab61_00.dat,0.00019423,82.2768,89.9715,96.5937,71.6561
02691156_dbd74d18fa992eee7f1f82f6fc8747b8_00.dat,0.00007002,93.3930,97.3526,98.3779,88.8889
04379243_fc42d63af681a927e14dcb97ba059872_00.dat,0.00225841,26.9859,45.6842,33.1306,22.7639
03691459_c280153b72c8e8ff571d223b2b8e4a24_00.dat,0.00091335,41.8183,60.5266,60.9895,31.8171
02958343_efd6fb6613bdd83bceadcf3f4d2227ab_00.dat,0.00016047,75.1541,89.8659,94.9311,62.1967
02691156_f04b62deb7737c86d37636af9c7bcc34_00.dat,0.00008843,91.6827,96.2707,96.0260,87.7154
04379243_ff212e47775ea7fe6a3056c8cad72d81_00.dat,0.00036530,59.1424,77.7379,64.3147,54.7401
03001627_f2dd3bc7d6c85a8f2813aa30be7ebdbc_00.dat,0.00036372,56.1254,73.3167,69.8297,46.9177
02691156_fe266c740580c102ff9ce0c50c2cd25a_00.dat,0.00015217,79.6880,91.5338,78.9943,80.3940
03691459_fa37905b884bdb169f69aafaa5236e51_00.dat,0.00036383,53.8698,71.7728,73.6821,42.4543
03691459_e031b24fd58c84c12633ff66beb9cf31_00.dat,0.00033895,54.8300,73.1719,79.7242,41.7831
02958343_f478cd5a04d2220a25af19d380ae3a_00.dat,0.00026165,60.0421,78.6525,85.7664,46.1886
02958343_eefce52130d223ba2dcbf88f7c685079_00.dat,0.00017175,75.9962,89.2314,88.3617,66.6667
03001627_fcd8163b26250f499fe49e672436bc45_00.dat,0.00037045,53.7452,70.6472,70.6813,43.3565
03001627_f58ac8ac63d5a52d19fb4103277a6b93_00.dat,0.00050691,49.6588,67.4237,60.9489,41.8977
02958343_ec82b3c468b05ecf51a95aaa6caba1d3_00.dat,0.00040041,47.1383,69.5219,69.1809,35.7482
03001627_d86158642391ea7a150a331b054ed006_00.dat,0.00035266,56.7069,74.1206,78.1427,44.4998
03001627_d764960666572084b1ea4e06e88051f3_00.dat,0.00038977,47.5352,63.7068,60.4217,39.1792
03001627_f1b1c92f91d0e52bc68ff00665267e32_00.dat,0.00012467,80.0997,92.7208,90.0649,72.1201
02958343_dcdee01d7fe6e1a76ad064d1c5fdd7c_00.dat,0.00017122,79.4324,89.7636,92.9440,69.3506
03001627_cdfd278e8b1c11bfc36d58d0f13497a0_00.dat,0.00032648,63.1536,73.5362,81.2652,51.6437
03636649_d3ca8a5d2e8c8ba4a320e34dad7c78bd_00.dat,0.00049374,48.7242,66.0501,59.2052,41.3959
02691156_f009f3112625ee00b8cf782e8c539948_00.dat,0.00009884,89.8653,95.8627,93.4712,86.5272
03001627_fe6b3c001a86d844d5767a0de8dd037e_00.dat,0.00040528,62.2336,75.8184,73.0738,54.1941
03636649_e1fe4f81f074abc3e6597d391ab6fcc1_00.dat,0.00532885,36.3584,44.2287,41.0787,32.6111
03636649_fbd59db93e38bdafc8687ff9b0b4e4ac_00.dat,0.00028488,61.9759,82.0385,89.2133,47.4800
02958343_de1564379b1315a3efadfa67efa023c_00.dat,0.00039715,63.6064,80.4572,88.2806,49.7120
04379243_e97106cc8bd3ef5730bbd4cddd04c77b_00.dat,0.00039058,76.3704,90.8102,90.8354,65.8796
02691156_de7cc3442b1775d46559a92f80e3672e_00.dat,0.00064757,63.7364,76.7535,65.8151,61.7850
03001627_eb59a4b8deddc6f659fe320c015eae2_00.dat,0.00024748,66.9659,84.1164,75.3852,60.2382
02691156_d18592d9615b01bbbc0909d98a1ff2b4_00.dat,0.00006031,95.4912,99.0940,97.6480,93.4276
03691459_f6d4918c7dd190447f45370489ca3156_00.dat,0.00086031,46.0280,64.0851,70.8029,34.0970
02691156_fd67c89ff247f9e7442ed26ceeb35a60_00.dat,0.00020003,80.6223,90.7067,86.3747,75.5882
03636649_f5a121812ce16ed2578f5640449b6f5_00.dat,0.00132171,47.2506,59.7263,53.6496,42.2154
03691459_ec0a8e2fa00a746dfe74514a9fcabaf8_00.dat,0.00063966,39.3697,57.8650,60.3406,29.2159
02691156_fcbdaf6100aad67d5abb92fce0f1ced2_00.dat,0.00012697,84.4445,93.7831,95.3771,75.7605
02691156_d438a4539d8068fd44601c64497858af_00.dat,0.00020543,73.2592,84.8111,76.4396,70.3329
04379243_fe2aee5ff66e4fe8d5f95109c85d2816_00.dat,0.00046918,58.2564,74.0845,66.6667,51.7303
02691156_e6ed2c677e158daa1059f490634fcf62_00.dat,0.00006289,94.5097,99.2479,97.4858,91.7098
03691459_f982748287ef2c7ace029fab54b6cfbd_00.dat,0.00039743,50.3499,69.1377,52.1898,48.6353
03691459_ca545c7c3bf38891af3caf4aab91511c_00.dat,0.00064997,35.8824,48.6478,49.3106,28.2023
03001627_e767b27d6625f905e9af7c2087a87b0e_00.dat,0.00016321,71.9548,88.9453,84.9554,62.4050
04379243_e026b4997f7d037c39d3717288022c20_00.dat,0.00010478,88.2066,95.6802,89.8621,86.6109
03636649_eb1c735af1339e294b3c42e318f3affc_00.dat,0.00203659,55.1245,63.4621,50.4461,60.7595
02958343_f689884daef74102179b497eb9b2101f_00.dat,0.00023560,69.1007,83.5558,91.0787,55.6677
02958343_f619386a770a06dc2f732d6dce34e9b3_00.dat,0.00036836,49.3516,71.5007,59.8540,41.9846
02958343_cd85df142f1999e5f38ed4497f2c53c_00.dat,0.00022169,67.9588,83.4321,97.0803,52.2771
03691459_fd11b075bb1df4b01f1c09aefb59ebea_00.dat,0.00024786,60.3605,78.9722,84.7121,46.8833
03691459_de68b68a234de1a0ea2f8efb8b3faa3_00.dat,0.00070786,58.0744,73.2873,85.3204,44.0179
03001627_d8edf163d5f87b055369e32fb818f337_00.dat,0.00065139,41.7455,57.6975,63.4631,31.1021
04379243_ecfb5ad31b6e40b72b70eac6546e93fd_00.dat,0.00023090,64.3570,81.1257,87.2668,50.9747
02691156_e3c26c3920b93f36eb7fefaef8eada2b_00.dat,0.00007037,92.5174,98.4427,94.9311,90.2235
02691156_e5a7a353d5fa8df844b2fa2cac0778f5_00.dat,0.00091088,55.7789,70.2498,52.0276,60.1133
04379243_f6e56ad2fe9e6c30253be0083bb3c718_00.dat,0.00013734,93.1572,96.2555,91.4842,94.8925
03691459_d1274fdcd4f8a611fe10244ee697dc96_00.dat,0.00033006,58.8905,83.1503,76.0341,48.0553
02958343_cedc65050061eae4fcbb9323f0bad63d_00.dat,0.00019681,67.9721,84.2742,93.9984,53.2330
04379243_ce4e075487aa05ecdcfcef693e7ec696_00.dat,0.00015522,78.7701,91.5398,89.7810,70.1650
02691156_e9b29777e840e1fb63737f7c5d9fc39b_00.dat,0.00036761,67.7773,82.6448,65.2068,70.5588
02691156_f5cc091bacb338c6951971f8370d9050_00.dat,0.00011757,83.8851,93.0741,87.5101,80.5484
02691156_f214cf57d5d5634960e1e93111ad3e76_00.dat,0.00035596,65.6402,78.9694,68.6537,62.8802
03001627_e84b5bbe91e0636cb21bc3cf138f79e_00.dat,0.00021818,66.0777,83.2084,86.8613,53.3197
02691156_ed35478403ae873943cf31d2bcc8f4_00.dat,0.00009280,89.5756,96.6668,93.5929,85.8890
04379243_fead7e0c30a347b1710801cae5dc529_00.dat,0.00061363,39.1771,56.7054,47.4453,33.3630
02691156_d940f33afc01ff036da97d9f744f7e97_00.dat,0.00014894,84.2796,94.4277,92.2952,77.5451
04379243_dd2c3ff28a34556a47839bae1bc65257_00.dat,0.00030517,81.4859,87.3392,95.1744,71.2398
03691459_d9b205873345a9b35234ceed4dc815_00.dat,0.00276445,15.4211,22.9959,16.0584,14.8324
02958343_de0cbca344b9de834f36122a581b2941_00.dat,0.00016291,75.8451,87.9959,97.7697,61.9524
02958343_cd5223d35c9cf611ea7efa739175072_00.dat,0.00027902,56.2235,76.4785,65.4501,49.2769
04379243_da9ff1881e8d59847d76632660780a8c_00.dat,0.00072476,63.5359,71.2328,75.3041,54.9487
03001627_cf662e6564c5c3c5ce60514f9a637ce_00.dat,0.00027620,59.6852,78.3211,82.4412,46.7742
02958343_d5d47fe322179a83473f10e6caaeca56_00.dat,0.00017875,75.4035,87.4905,95.0527,62.4864
03691459_ee2d8d72b555df84ad5d27efc990ebb2_00.dat,0.00008338,91.3870,99.2287,97.4047,86.0697
04379243_d799cc222f34fc0879bb09dc5605a57_00.dat,0.00040878,57.9069,77.0541,78.7105,45.8013
02691156_d5ad529ad399086e4e9a6f7cd468e49d_00.dat,0.00008175,91.4772,97.0883,95.8637,87.4745
02691156_e27229a5f83b0ac96ece6611a5309fa2_00.dat,0.00011774,83.8829,95.4085,89.9027,78.6187
02958343_eee2c0e2912f27b15a49026b22f63b06_00.dat,0.00022005,67.0851,84.0295,92.6602,52.5742
04379243_ffc75a8bdb88c751b7fbcb21c074906c_00.dat,0.00155659,56.4302,73.1853,83.3739,42.6478
02691156_d5e01850a9d1f3ac5fb48d488d5dfafd_00.dat,0.00010946,90.2268,94.5834,94.9311,85.9669
03001627_ff969b22a8de5eac30e06a011e63236a_00.dat,0.00013553,85.0933,94.8308,95.4177,76.7850
03636649_da09a8c73054e9220ca3aeb14e36a45_00.dat,0.00032154,52.9152,71.6768,72.0195,41.8215
03636649_e685cd3f7a980812e94026ea66f4d4bb_00.dat,0.00039292,61.5321,77.8277,72.6277,53.3774
03001627_fdd7090f3ca12395a7ae19ac44244eae_00.dat,0.00134673,28.3499,41.2798,33.5361,24.5528
03636649_fa9dc903c8324b85e3d605ae370b7c5c_00.dat,0.00014074,81.2066,91.8977,94.5661,71.1545
03691459_f2e521a8d08e2a2f20363e2561dd589a_00.dat,0.00057307,27.7702,51.4819,44.8500,20.1113
04379243_dca821b9d2fed090f51f77a6d7299806_00.dat,0.00043112,47.8644,63.7435,69.1809,36.5900
03001627_d9a1f2e7290cd2c3baab0c7159046dc4_00.dat,0.00033425,59.3392,76.9665,70.4785,51.2405
02958343_d4a9b69ee909f6f84fa20c487758ba8c_00.dat,0.00035426,47.9119,71.5451,70.2758,36.3456
02958343_fe3dc721f5026196d61b6a34f3fd808c_00.dat,0.00025826,61.7283,80.3624,85.5231,48.2921
03636649_ef9e0709f535c549b3914c1351b16c4d_00.dat,0.00029268,66.9950,80.4113,76.1963,59.7765
03691459_fa98563736440326ce1db673cf70420f_00.dat,0.00017789,72.4035,90.1171,85.1176,62.9941
04379243_d5c3aa73e043303b7ff6ace05b36a5_00.dat,0.00009269,93.5850,97.1122,96.1882,91.1190
03691459_d8ce373c4ad4e6913caae5373ff4181f_00.dat,0.00030013,43.8236,74.0542,64.5174,33.1809
03636649_df908dc58159c82b1b3ffe2c05ec7aca_00.dat,0.00022797,65.5159,83.9507,82.7251,54.2337
03001627_d46e16509b1c91b3933dc172307a6bb9_00.dat,0.00026734,72.9304,83.0664,77.6967,68.7151
03636649_f274cbff23bda61a85024815e816c655_00.dat,0.00013694,83.0291,91.4867,87.9562,78.6247
03691459_cf7a2cb0c487f3a0bd1cba733b111584_00.dat,0.00014104,82.9909,93.7174,97.6886,72.1375
03691459_e6e7c3e1b887d2a1751b29c8fc6f20c_00.dat,0.00010887,85.3974,96.2572,91.8086,79.8231
02691156_ff28d340bf0b5d9387b2a887422ab97_00.dat,0.00006887,94.7373,97.8083,98.4590,91.2866
02958343_f1dd07a9a66b86bd2350421a9405ba_00.dat,0.00028045,57.1219,77.2273,74.2092,46.4308
02958343_dda10fc985eea0868c368040825ed335_00.dat,0.00023270,70.5079,86.8676,87.3074,59.1303
02691156_e8d5a3e98c222583d972c9dd75ed77d4_00.dat,0.00005047,98.5176,99.8243,99.1484,97.8947
03636649_d16bb6b2f26084556acbef8d3bef8f28_00.dat,0.00031636,62.5913,78.9144,64.4363,60.8491
03691459_f7366c0025b2eaabf5fb60584950565b_00.dat,0.00114538,39.6802,57.2072,82.1979,26.1525
03636649_e2343ffc39e5f4bf85a18a4e86f89dc9_00.dat,0.00015717,90.2072,93.6748,91.5653,88.8889
03691459_fe613d2a63582e126e5a8ef1ff6470a3_00.dat,0.00057954,35.3488,54.1653,49.8783,27.3746
03691459_e7af5657b90b9a73558880eed6ddb84a_00.dat,0.00107772,32.7195,48.1993,50.9732,24.0920
03691459_e1b3bb54b9855f12d88a3e0e92891ad5_00.dat,0.00089311,54.0639,68.8253,91.8086,38.3127
02691156_fe00bf68a2cd32b6dd455eb19d4d269e_00.dat,0.00050931,53.7315,67.1217,73.4793,42.3498
03691459_cf42a073500a1a222a9eb0f146e94477_00.dat,0.00066388,44.5512,61.4827,63.6253,34.2758
03636649_d543465b35604aae1735ea0e092a805a_00.dat,0.00031580,81.8994,92.8358,95.8637,71.4862
02958343_f48659c519f422132d54e7222448a731_00.dat,0.00042301,48.2323,69.2226,76.1963,35.2834
02691156_ea527508bb74f476f64801ad2940cdd5_00.dat,0.00033546,63.8813,75.9709,66.5045,61.4572
02691156_efbf3d4c8877e7dc7ce8c809505eca2f_00.dat,0.00018789,73.4509,86.8493,80.9408,67.2297
02691156_f0b22be59432dc8bca8607f540cc62ba_00.dat,0.00006379,93.8732,98.2480,100.0000,88.4537
03001627_e0df9f745fe38b389bac1502ed0eb150_00.dat,0.00047837,61.7226,74.8904,69.9108,55.2514
03001627_f1787517791764e74b3c42e318f3affc_00.dat,0.00059367,48.2700,66.9609,59.2457,40.7253
03636649_edce64335e42ac2f58452382da1a79f3_00.dat,0.00004712,100.0000,100.0000,100.0000,100.0000
03691459_ff9590ccc2613d6c332d76467c18dfde_00.dat,0.00054606,41.4480,57.3234,60.1784,31.6096
03691459_f0629a8139a9ba04f398d0c5832df00e_00.dat,0.00029075,69.9025,88.4185,84.8743,59.4207
03636649_e5fa327c14553b11e589b08489d157d_00.dat,0.00055687,39.2661,57.5701,54.5418,30.6748
03691459_f289aadb7cdf59daa62fb160d742c45_00.dat,0.00040417,57.5460,74.7859,80.5353,44.7670
03691459_cc6ebcef8d2e674690146e2a0489a257_00.dat,0.00051105,57.4204,74.8955,78.9943,45.1026
02958343_dce6f59b6ab987d4bc863bdef4e7bdac_00.dat,0.00022634,73.3224,86.4542,86.7397,63.5000
04379243_e14e867c0cfbf1f42cef66bb37b0cc33_00.dat,0.00033815,55.7559,70.2524,74.0065,44.7261
03636649_fbb4a4faa8f2faedd661ff085a0f14b7_00.dat,0.00036682,73.9493,84.7189,70.2758,78.0282
02691156_e53547a01129eef87eda1e12bd28fb7_00.dat,0.00032752,65.5265,76.2291,66.2612,64.8080
04379243_d6ef0aa7b674c171fb4f26e87f6a6814_00.dat,0.00014493,86.0165,93.1715,82.4818,89.8678
02691156_f4a5b28233523a4e588ed1d0f708d42f_00.dat,0.00020062,80.4880,90.6901,86.3341,75.3834
02958343_e204a8debddfe892cf6133aaa55cd0a8_00.dat,0.00038011,47.9474,68.9869,64.5985,38.1212
02958343_f6938403b22b3d4ded3696d854eee1ec_00.dat,0.00020943,67.5672,84.3733,94.7689,52.4984
02691156_dacb447d7820e7f7ca8607f540cc62ba_00.dat,0.00005871,94.4302,97.7205,98.9862,90.2750
03636649_eca8e4d9645271fa37b2bb75885cfc44_00.dat,0.00010904,88.7192,96.3929,95.2960,82.9916
02691156_e41c5719ad09055f1b880c747ee1f83_00.dat,0.00014709,82.4372,92.0861,89.2133,76.6177
03636649_f2f6fbeacda7cbecfcb8d8c6d4df8143_00.dat,0.00011027,94.6228,99.0680,97.0803,92.2866
03691459_ef71576ad5262c4ef398d0c5832df00e_00.dat,0.00053978,64.1626,79.0055,90.7137,49.6349
03691459_f5c62c89e8fbb245ce6c2bd14b4c7ba4_00.dat,0.00044063,61.0525,76.9349,79.2376,49.6564
03691459_fbcef568b50216e3e180a1a604561d3b_00.dat,0.00028966,69.9810,85.5893,92.1330,56.4165
02958343_f47648505dd90beb2b89278194465422_00.dat,0.00048141,47.0460,66.4407,59.4079,38.9426
03691459_fe13f67712bc5e4a1b02cde7e81f0fc3_00.dat,0.00037156,66.8881,79.4680,87.7940,54.0238
03691459_f4290921bda21901caf9cf929ed6f71c_00.dat,0.00039675,57.1098,80.8745,65.6529,50.5341
04379243_ed2d7f09d80ec3a259577d199a67fd7_00.dat,0.00038478,65.4346,82.2856,81.8735,54.4932
04379243_d08ea9c1e5b9c2687bcae7a654cc37_00.dat,0.00012177,90.3760,94.7311,95.9448,85.4181
04379243_e38b1f4d210fb038c97f93e2910df644_00.dat,0.00135630,43.4810,58.0759,49.0673,39.0366
03636649_d97a86cea650ae0baf5b49ad7809302_00.dat,0.00029356,77.4406,88.7769,92.5791,66.5572
03691459_ea95cdbe8f4114107354c46aadb2b2fd_00.dat,0.00053317,34.4052,53.8126,44.7283,27.9536
03636649_f40624156dcbab68620a56d13e6d773b_00.dat,0.00027615,69.1813,85.6768,80.3325,60.7487
03636649_f6425a421a497aad6cc679ef84e06ad6_00.dat,0.00068811,60.2440,72.5101,70.8435,52.4035
02691156_d3856a35d1fb8536d8e727806889c9b0_00.dat,0.00019366,74.8150,89.4453,85.1582,66.7123
02958343_e24c3371a746c198780918fc1f22fb25_00.dat,0.00016846,76.9690,89.8257,90.9570,66.7098
02958343_dc8765720d8d3828b3cf5236f651a8e6_00.dat,0.00010361,87.6530,96.5734,94.4039,81.8032
02691156_f986604528abe35554eefcdc602d4520_00.dat,0.00006531,94.6642,98.2135,98.5401,91.0816
02691156_fbe213adb802384db443c685f436f80e_00.dat,0.00123059,39.1582,54.9134,41.5247,37.0469
03691459_e767a0e8df4e41f4b3b44ad99a214777_00.dat,0.00065586,46.1333,62.7917,63.9092,36.0940
02691156_d984822941e7a768c231d70e1e0cc567_00.dat,0.00042991,64.2875,77.8270,70.1946,59.2973
03636649_d3380ee3db68aefb3f214ef9c53ac06_00.dat,0.00150755,41.4510,51.5186,29.1160,71.9203
02958343_e01c7318c6b11647faeea7738551d104_00.dat,0.00023375,63.2856,82.1514,79.1160,52.7341
02958343_e366113f8182a1f07d78cc65dbe486c0_00.dat,0.00026071,58.4271,78.3445,71.0462,49.6147
02691156_da7354a90e6596e6139336f03eb955d2_00.dat,0.00010804,89.7304,96.9938,91.8086,87.7442
04379243_f31398b4a1f8562f9297752c3edd590_00.dat,0.00053749,38.8947,64.0521,47.2019,33.0738
03636649_e293003f297e155624d1b7c6bfe44fcc_00.dat,0.00007055,95.3809,97.8007,99.0268,91.9940
02958343_f36e62667b59604b8d4dd801ae3ebcd1_00.dat,0.00020335,74.8597,89.4386,91.7275,63.2319
04379243_f7a0f1e7e03fba8c9628f611995a13ab_00.dat,0.00016836,84.6975,93.7094,87.9562,81.6716
02691156_e033b6ad34586a86cc1c9e8218bfe7fc_00.dat,0.00014668,80.0694,92.6242,79.1971,80.9612
03636649_d4498a4ba89b9a0d4a73e364671ba824_00.dat,0.00092544,52.3141,64.6810,51.0949,53.5928
03691459_f57c5e8f460e659f395ea88528a634f_00.dat,0.00057051,51.2893,70.3335,64.2336,42.6870
03691459_f9a615ecebfe7ae1b27175774c9e33e9_00.dat,0.00068783,28.2597,46.9005,41.6058,21.3963
03001627_fc4d15c15c56aa7baab4888e25356418_00.dat,0.00045589,52.8206,69.2689,74.7770,40.8315
04379243_e2a2fe3713803e9e04e2b29e7a72f7_00.dat,0.00019454,83.6169,91.5271,85.7259,81.6092
03691459_fd4b2e3a6caf4706a817854e3b5b5439_00.dat,0.00067039,37.2015,53.1884,46.3909,31.0507
02691156_e85cd06b4a14d3ffbc0909d98a1ff2b4_00.dat,0.00007089,92.5764,98.7325,96.4315,89.0177
04379243_d819fc4d86af592f7394c9d8807c7bdd_00.dat,0.00037373,63.1726,76.8308,65.4501,61.0483
02691156_d9d282f79262ebd4c3a35cee92bb95b_00.dat,0.00004502,97.8920,99.4609,99.5945,96.2466
03636649_f77abf171ff5968720331d4c3b7d944e_00.dat,0.00012657,86.4730,95.6678,90.7543,82.5775
02691156_f9a8c5ae39362284d538ebc793e748b2_00.dat,0.00012533,93.1335,96.1352,95.3366,91.0299
03001627_f891816329ecee93774476b2e205b9b7_00.dat,0.00020425,74.4917,89.5336,87.4290,64.8896
03636649_d385523f0cd93d48d6084fb53091249_00.dat,0.00022097,65.2174,78.1094,82.6034,53.8776
02958343_e4d52a1ed8a5fd5d2028f7faa8f66469_00.dat,0.00058626,38.5644,57.8928,48.4185,32.0430
02691156_f0e7808ee55510be1a7dd57f67482196_00.dat,0.00026244,76.9998,88.1876,83.6172,71.3530
03691459_e8ffa936875c7b3a7ffffd2e0fcbbf0a_00.dat,0.00032624,55.5589,73.7856,86.0908,41.0135
03001627_f2ef238e2e4615e92cf8e80367b40c9a_00.dat,0.00019414,65.4344,84.5857,86.4152,52.6512
02958343_fca073c5911995fce2c7676194911e11_00.dat,0.00027926,57.3200,78.2631,72.5872,47.3590
02958343_d8f813278a49463db203f960004c7382_00.dat,0.00029137,51.6835,74.5324,70.0324,40.9535
03001627_e279758e8a5b6a8d492d9da2668ec34c_00.dat,0.00029427,75.6818,88.4886,82.1573,70.1524
03691459_fa6e17f7f928e8a44b2f94f4017fbbbb_00.dat,0.00061629,53.6042,69.6525,74.6148,41.8264
04379243_fe5e1df0653804d6ce4670b160b81e9_00.dat,0.00010745,85.8293,96.5800,99.6756,75.3607
03691459_f1175bec19adeadde188dff443a0c2ac_00.dat,0.00071667,45.7726,59.9038,69.1809,34.2004
02691156_d390f0246fd43cc8bd46d022fd7d80aa_00.dat,0.00006367,95.0334,98.5164,97.4047,92.7748
03636649_ea5ae3cfd142c3b923f93f957094a824_00.dat,0.00032438,59.4415,76.2734,74.6553,49.3788
03001627_fdd21f7f2ca9f0bcbdcbca499b446e89_00.dat,0.00012259,80.8239,94.2633,95.1338,70.2560
02958343_d8e27b2b10e2a87c45b2d64b440991ad_00.dat,0.00023149,70.8494,85.0897,86.7397,59.8798
03636649_d52bcf6a2c75ced5fcb8d8c6d4df8143_00.dat,0.00009764,85.0514,95.5461,94.9311,77.0344
03001627_e9ccf4cc84c085f8c785f06f424b9d06_00.dat,0.00036360,51.8025,70.5436,77.4128,38.9250
02691156_fe0eb72a9fb21dd62b600da24e0965_00.dat,0.00005050,96.5521,99.3607,99.5134,93.7620
03691459_f5024636f3514eb51d0662c550f8f994_00.dat,0.00100296,50.3653,72.3845,84.2255,35.9234
03691459_ef720d2b2de59184e775d184845c9f5f_00.dat,0.00030094,64.0503,78.8506,82.4818,52.3517
03691459_cf45708ed1ed436970f2559ee6f59e37_00.dat,0.00091014,42.9416,61.5014,73.7226,30.2934
03636649_e94643bd9c777491d49b2e04785f8492_00.dat,0.00040697,56.0374,73.6338,72.4250,45.6975
03636649_e4e93d5bfcfac3d72518f0b5d8933d6f_00.dat,0.00044083,59.4502,73.7989,67.1938,53.3070
03636649_dda91a2215130be16035905876bb696_00.dat,0.00138112,44.9610,55.7756,50.3244,40.6307
03001627_f4db2e2e90e83c759b9f2eb77f5e247e_00.dat,0.00017308,71.4769,89.0505,89.2944,59.5872
03636649_dfe800d8d8642e9647bc3701b998a7d5_00.dat,0.00015990,75.5881,90.0365,83.4144,69.1045
04379243_f9ac7801460434b271140e10b6211a6a_00.dat,0.00051084,59.7467,72.4827,71.3301,51.3999
02691156_de45798ef57fe2d131b4f9e586a6d334_00.dat,0.00006903,92.9109,98.1401,94.2822,91.5789
02691156_de519752147a225032387cdb9b2a84d5_00.dat,0.00017428,71.0217,89.0118,78.7105,64.7014
04379243_e36e90c1db6bf1d5470412e9b69c8933_00.dat,0.00047367,56.4814,75.8633,90.0243,41.1492
04379243_e74841627e110e98d9de0de5dc66ab1_00.dat,0.00015224,81.5973,92.3110,88.1995,75.9147
02958343_f6fc9ea6714db4b787dc1da2515df8f7_00.dat,0.00019352,71.0811,86.0776,95.2555,56.6933
03691459_fe4ed2d72cc79c74b59e9758ae7f41a7_00.dat,0.00056433,46.7394,64.5154,60.7867,37.9659
03001627_fc131dfba15fafb2fdeed357dfbe708a_00.dat,0.00024005,61.1502,86.6085,78.0211,50.2783
03691459_dbb3db217511d9cbfb906a2c84fd375f_00.dat,0.00017305,65.6622,87.9533,86.0908,53.0693
03001627_d04d854533d618fbfebad4f49b26ec52_00.dat,0.00018392,62.7998,84.5719,91.1598,47.8985
03691459_fae47d104b9111aafd949ebbd292d47_00.dat,0.00038803,61.9779,79.0371,83.6172,49.2361
02691156_e380f6fa720e1c15560a4691498bd2fc_00.dat,0.00009469,89.2441,96.4623,93.5523,85.3152
04379243_fc95d34ab1afb92b9118eee0b123125f_00.dat,0.00043802,65.0622,77.3893,80.1703,54.7455
03001627_d0d786244fc2d7a9ecf03af5e7a1277b_00.dat,0.00052089,46.3881,63.8461,53.7307,40.8111
03691459_f6958e13ea65bd521b45df3fb820c9cc_00.dat,0.00034556,69.0288,83.1851,87.3479,57.0616
04379243_f9f122b492c3f1273084c5a9cbef5cd_00.dat,0.00054047,59.3974,79.3370,80.4136,47.0902
03691459_f4ecacfd4fd61afceb34db531a289b8e_00.dat,0.00044039,59.9360,75.5660,77.6156,48.8164
04379243_f708d5284928431355ce350c1c834503_00.dat,0.00013703,89.7586,95.0992,93.6334,86.1918
04379243_e7abcb9f3d5876962b70eac6546e93fd_00.dat,0.00013741,80.9361,93.5105,87.4696,75.3109
03001627_fb5ba735ef95fe417ca68e217a316e15_00.dat,0.00019961,67.7785,84.7497,78.1427,59.8415
02958343_ddaac4ca85ba61239bbe806a4e34e034_00.dat,0.00023855,66.3350,82.0894,92.3358,51.7599
04379243_e9a68d0ad5177d24ba5342d638d0c267_00.dat,0.00048422,55.2240,70.1014,60.3406,50.9073
03636649_d526a340408764d8ec0f2eef0b7e551e_00.dat,0.00068730,70.4170,84.2526,72.1817,68.7366
02958343_cbeb8998de880db684479d4c559a58d2_00.dat,0.00021560,69.9016,83.6407,95.7421,55.0451
03691459_e75c0fb00d2b70ef1aadbcf355bd688f_00.dat,0.00055915,61.1462,84.6584,75.2230,51.5074
03691459_f529e7d74d5ec3d9a1bb636e72c59b32_00.dat,0.00031913,45.6362,73.5301,62.8143,35.8360
04379243_faa05897ccdaa0e4f51f77a6d7299806_00.dat,0.00066395,55.0300,67.6035,64.8418,47.7974
03691459_cf85a8c74cb76caf1574d21c0c95092f_00.dat,0.00054463,47.9602,66.6396,69.7080,36.5555
03636649_fa853b92d9a5cb66168e1d639d85c126_00.dat,0.00007346,91.7258,98.5833,96.2287,87.6254
04379243_e588e603f5d0e366490ad276cd2af3a4_00.dat,0.00024770,80.2186,91.5180,93.6740,70.1432
04379243_f294a34bf1c9ebb7f12d7184a2ad3430_00.dat,0.00028553,68.2530,79.4968,76.4801,61.6240
02691156_d708c311bcd60e61c9ac656f0c2edc4b_00.dat,0.00054356,51.0054,66.3759,58.2725,45.3499
03691459_fff40d102ca88fdb52648dc23b25b1d_00.dat,0.00047313,54.8880,70.2310,66.7883,46.5872
02958343_f34c03711c3fc44ac10e9d4ee4bae4f4_00.dat,0.00025577,60.7374,79.9469,81.1436,48.5324
03001627_d490f77bed3bded5af7c7ad2549a1b15_00.dat,0.00029415,67.7515,83.3655,82.4818,57.4853
03001627_d18f361e22f7626b707cdefe012d0353_00.dat,0.00061569,65.4160,79.4355,71.8978,60.0063
04379243_ec59bd4b5288991e9bb952e15a37e248_00.dat,0.00047918,47.7945,66.7186,61.7599,38.9802
03001627_d29c14f180ce319f71271c0017c27c86_00.dat,0.00041261,62.9106,79.3910,81.7924,51.1115
04379243_e1c190513b084f4c4804b5831b58a04d_00.dat,0.00009521,87.7863,98.4060,93.7956,82.5006
04379243_fba0f822f16932aa10566a0096ed09d_00.dat,0.00011938,88.0447,95.8283,92.4574,84.0340
02958343_e75dcc7eb0a60728becf71e2e014ff6f_00.dat,0.00031836,55.2421,75.2793,82.8062,41.4459
03001627_eb89f3b0af31bf40a97cde0b3996ce62_00.dat,0.00057479,34.5856,51.5169,43.9984,28.4904
03691459_d088d0b4cbf1d8447b041fd2144f3532_00.dat,0.00152616,32.1824,45.8077,41.4842,26.2880
02958343_d01aa42aaf973be5f200a72c9245aee7_00.dat,0.00018997,69.7542,85.9139,94.9716,55.1187
02691156_eb60d49fd5cdb809e6a2524c335c48f9_00.dat,0.00005999,93.9370,99.0299,99.6350,88.8554
03001627_e6408c4be8e6502837a346dba83c013b_00.dat,0.00014390,78.5765,90.1204,95.8637,66.5716
02691156_d30689ca6cdf2601f551b6c3f174499e_00.dat,0.00046734,68.9277,81.8024,69.7486,68.1260
03691459_d8f6aaa777f0cd4f5a31d91ec836a511_00.dat,0.00016034,70.2561,90.6024,86.8208,58.9995
03636649_d60a54564aa1856fb18d6f615cb18bdd_00.dat,0.00010996,86.4843,94.6508,96.7559,78.1843
03636649_e8e2c055f8ea53a144638317e9e4ff18_00.dat,0.00020679,77.0943,85.0215,98.3374,63.3987
02958343_ee1d28a50a2b71e129348d14ca881f7d_00.dat,0.00025137,73.0532,85.6113,97.0803,58.5598
03001627_d5e1c6d3e6ce16ca8f5bf896c08c419f_00.dat,0.00056910,48.9813,66.3630,62.8954,40.1083
02691156_d4849eddcd93569ac119f94203b4868c_00.dat,0.00005577,96.0412,99.7672,96.2287,95.8544
03636649_f835c863f175df72fcb8d8c6d4df8143_00.dat,0.00014672,84.4796,91.8336,95.8637,75.5122
03636649_dde3b4bb9fb1ad25e0d089cf3411494c_00.dat,0.00185000,33.9046,44.6144,49.0268,25.9121
04379243_d157a0598ef5c33416e09341cb9bfb7_00.dat,0.00078020,44.7569,63.5685,42.0114,47.8864
02958343_f9d569cab438b65266751c4836bbc1b3_00.dat,0.00022349,66.3625,83.4679,89.0105,52.9020
02958343_d967be366b99ac00bac978d4dc005d3_00.dat,0.00027330,71.6943,84.2970,95.4988,57.3892
02691156_da26509e7d1864a162b600da24e0965_00.dat,0.00006462,94.1660,98.6322,96.7964,91.6748
02958343_fccb58285e854d87775cb3ac197f5bcd_00.dat,0.00024912,67.5706,82.5332,94.1606,52.6911
03636649_f018f4d78d295ef3a78d991d8e8834d0_00.dat,0.00019180,65.0595,88.6182,81.3058,54.2245
04379243_f1252c297d7ad9a47c51ec7d2716b33d_00.dat,0.00029444,68.3130,79.1808,85.3204,56.9591
03636649_dfd06ea82f5a5b324aeb986669a16017_00.dat,0.00080401,53.8690,64.3112,59.7729,49.0265
02691156_eaa0d465e9d0c16acfbf0f1430c86945_00.dat,0.00052888,64.5177,78.6772,66.8694,62.3258
03636649_e93f10a58e0da99bb2920cf5c60c4da3_00.dat,0.00008267,91.4373,96.7892,96.1476,87.1669
03001627_eb29a065b495dffc85528d560ddea455_00.dat,0.00107893,38.8729,51.9744,45.0527,34.1840
02691156_ecd19c1f74064962c6603e997b54421a_00.dat,0.00005852,94.9187,98.8151,98.4185,91.6593
04379243_ce1c3321de30433b16ec4c6284dcbcbe_00.dat,0.00080793,55.1845,72.4023,82.1168,41.5554
03001627_f2934658407472a92ce025aebfea84a4_00.dat,0.00037912,53.9934,75.5416,82.0762,40.2288
03636649_dac3843c8f77b34362a510b8f97c658e_00.dat,0.00012160,85.8289,93.5171,95.4177,77.9914
03691459_e7560ac665c6fedc7d54ddaedba43004_00.dat,0.00076500,64.1088,82.9369,83.2928,52.1074
02691156_d31a0f4f945775de5823df672991ed66_00.dat,0.00006408,93.8921,98.4502,94.9716,92.8369
03001627_db86d16a95437f3898cfd47a860803c5_00.dat,0.00036553,54.8176,72.2815,62.0843,49.0737
03636649_d8a5c77da4c92921f7258dec1a592c96_00.dat,0.00022819,80.7554,88.8015,92.7007,71.5371
03691459_d12ec06509389e01574d21c0c95092f_00.dat,0.00101189,33.5776,48.2640,59.8135,23.3400
02958343_f5474030b9956ba078a20fe14185667_00.dat,0.00018899,75.3092,90.5374,89.1322,65.1981
02691156_feb0bd0dcd155af4cc34b900bb2492e_00.dat,0.00016353,76.2312,89.8772,82.5629,70.8015
02691156_e899c19c87245ac94c3a35cee92bb95b_00.dat,0.00007304,92.8473,98.1799,99.0673,87.3623
02958343_d09abaf885df3be0616d27151166e25f_00.dat,0.00016251,74.8974,93.8120,83.4955,67.9047
03636649_d83fc71f3978130e335fe03ac3704320_00.dat,0.00106401,44.7067,56.3567,44.4444,44.9721
02958343_cf4c819d9deb6533108499aad0a89b28_00.dat,0.00020726,70.5048,85.3804,93.9984,56.4068
02958343_f2d59ef6fd8c5914c4693958b3d0ba07_00.dat,0.00024998,62.9272,79.8799,91.7680,47.8796
03001627_cd939609247df917d9d3572bbd9cf789_00.dat,0.00051741,53.6156,72.3356,54.2174,53.0271
02958343_f98296894b01650033529abacbef3013_00.dat,0.00020550,65.5491,85.9518,82.4412,54.4021
03691459_e47b83b94a1956ad7a16fcc398700938_00.dat,0.00042627,69.0303,83.6452,94.9716,54.2202
03636649_f6a7d85ccca5e5e34a6ecce2eeb45768_00.dat,0.00016290,77.2870,90.4016,86.2125,70.0363
04379243_f21154a95d49ca29e6c5cd45aa112726_00.dat,0.00008628,90.3146,98.3031,99.7567,82.5054
02691156_dd65065e6e2d31d62e350437b1fc5163_00.dat,0.00048535,61.4646,77.1489,76.4396,51.3958
02958343_f7ef98cae9f1073f21a66e8dfcce514a_00.dat,0.00031432,53.3142,72.4125,80.4136,39.8759
03691459_fc6066741f5b60e5280e0c1e89a63998_00.dat,0.00021075,61.4937,83.5328,67.2749,56.6274
03636649_da64c56e36024add5b903ba10d2ec446_00.dat,0.00024218,76.3376,84.3378,93.8362,64.3396
03001627_f5b08ab02727922b738dd0d3509c7e47_00.dat,0.00014989,70.3138,88.7493,93.5118,56.3378
03001627_f1167a0c4bfc1f3fcf004563556ddb36_00.dat,0.00018856,72.9244,85.2408,93.4712,59.7829
03691459_ebe84e8ccc8b5f3fa817854e3b5b5439_00.dat,0.00059781,48.9977,67.6024,85.8881,34.2757
02958343_dcfdb673231b64ea413908c0e169330_00.dat,0.00041098,63.4954,79.5141,72.4655,56.5015
03691459_e7588cbebdae5863629c8a4be6c1e509_00.dat,0.00209201,25.0712,36.6787,40.1054,18.2354
03691459_d5bca27bf05ac5c92e8dbf40bb4c181d_00.dat,0.00017193,74.2348,88.4318,90.6732,62.8421
03636649_ec639d4850ba9aa6fcb8d8c6d4df8143_00.dat,0.00027999,63.0510,79.1766,66.7072,59.7747
03001627_fa041b0276dcaaaf98e0d1738edd4f19_00.dat,0.00014328,86.1454,93.9008,89.4972,83.0357
02691156_fff513f407e00e85a9ced22d91ad7027_00.dat,0.00029118,72.5204,85.6862,79.2782,66.8241
03001627_fa89a0401873e5a6bbc7a6acbd8f058b_00.dat,0.00057602,67.0947,82.9817,81.7113,56.9139
02958343_dae251313dbc0aed51894d116f1c652_00.dat,0.00054371,42.5250,63.0147,65.3690,31.5125
03691459_eb2545337b85fb987695b38431695f3_00.dat,0.00053720,52.0436,71.3659,72.9521,40.4503
04379243_cda580f16378e12c3002761e7a3ba3bd_00.dat,0.00006962,94.2321,98.0370,99.7972,89.2548
03636649_d190d56a1e6213e420ebca9c2a65e97d_00.dat,0.00019590,79.7831,87.8140,93.6334,69.5023
03636649_ef45c648fe3b0dde8449e0b8dd14796b_00.dat,0.00043840,70.5402,83.8640,72.2222,68.9347
04379243_db2d4f781756e687d8864caa856253b_00.dat,0.00012525,87.8536,92.6799,93.3090,83.0009
03691459_f2a13a030a8153d9133aca0b3ca7f0a8_00.dat,0.00064055,37.6286,55.6504,48.0535,30.9206
02958343_da59928c982bc34a2a9eb0f146e94477_00.dat,0.00022528,68.0835,82.2209,93.7145,53.4617
02691156_fc9f6bc1ba1cb7c1c3fe7930fce05ded_00.dat,0.00004966,97.6520,99.3703,98.3779,96.9368
03001627_ec00ee8e8345be7a852028c7654a8ec8_00.dat,0.00015442,81.2543,92.1281,78.2644,84.4817
03001627_ccf29f02bfc1ba51a9ebe4a5a40bc728_00.dat,0.00048141,51.4665,69.5235,61.6383,44.1764
02691156_d24e6c81b5261fe5ca2bd098b9203af_00.dat,0.00005221,97.3082,98.8664,98.9051,95.7619
03636649_d90639e69c82f864eb2d9895648d1206_00.dat,0.00015884,78.3194,89.7279,84.7932,72.7640
04379243_d722d42dd739e2a35e0bc0e32d71e297_00.dat,0.00012084,88.0468,95.2224,92.9846,83.6069
02958343_e40b027b68ff767d76ad064d1c5fdd7c_00.dat,0.00029235,68.1929,82.5271,87.3074,55.9448
03691459_f2eb4b53ea11200cfb10a282776be584_00.dat,0.00046750,53.0969,74.6896,71.2895,42.3017
03001627_d97c5945e9449a58737e4e0df09d751_00.dat,0.00021137,72.6897,85.4413,86.5775,62.6414
04379243_d0b6fa6b908473b05213cec267286d18_00.dat,0.00022366,66.9990,83.3213,84.6310,55.4472
02958343_e6a8097a96033478ad7a333c976ac8f1_00.dat,0.00033197,53.4652,75.7546,72.9927,42.1808
02691156_e841e17e3256acf38699933784576e73_00.dat,0.00005576,96.2314,99.5552,97.6075,94.8936
03001627_ee665ce6679ac8cfb502ac2eb9128f9a_00.dat,0.00032154,81.2376,92.5595,95.9854,70.4181
03691459_e40e7c3dea88a733eb15975241f6a53c_00.dat,0.00090185,44.5687,61.3152,63.8686,34.2262
03691459_dbe86be505750b8d9c92e8251d55352d_00.dat,0.00078149,40.8883,58.7370,54.8256,32.6008
02958343_e577fe5a762d63d7b9d0f0bb768a782e_00.dat,0.00015626,79.6364,89.5659,91.3625,70.5778
03001627_fca55be264355b1ac30ba10ebbf8ea21_00.dat,0.00132764,32.9537,44.7057,43.2279,26.6254
03001627_e431c68fbfdf826d561dbc0c83a98a32_00.dat,0.00021983,63.5347,85.6815,74.0470,55.6361
03001627_f00c1688bd33aae28cbb8bac2032149c_00.dat,0.00046643,48.8947,66.2169,71.4112,37.1736
03691459_f996317de417329b1574d21c0c95092f_00.dat,0.00087660,54.0432,75.7389,81.2652,40.4825
03636649_d357edb3b9ae47f230f6e0ede20c4525_00.dat,0.00036468,58.7206,73.5681,67.5588,51.9273
03001627_d1436d73b3060f2ffd6176b35397ccd5_00.dat,0.00060825,46.5561,63.3589,57.3398,39.1865
03636649_f72efa4574100c12a8930422448288ea_00.dat,0.00010992,85.7757,95.1561,92.7413,79.7834
02958343_fe137fed7437f694cae3f94a454fd99b_00.dat,0.00026233,61.3596,79.2383,89.0105,46.8163
03636649_f049bbd180d89cb5490ad276cd2af3a4_00.dat,0.00027962,70.2172,84.8196,80.0892,62.5119
03636649_ddeb5d944c128f78b0957d845ac33749_00.dat,0.00003663,97.3384,99.6283,100.0000,94.8148
03001627_e6e00a7324357c7dbec105fec16416d7_00.dat,0.00020774,72.2283,87.8945,73.9254,70.6075
02691156_ebf8011ea1f4b4190b1d6deb98feec6_00.dat,0.00005102,97.0804,99.5175,97.5669,96.5986
03691459_f37f4ef72fd0204d839a84b4ae4862d3_00.dat,0.00069122,46.9316,65.3918,57.7859,39.5101
03001627_f5d8dd0309401ebac47a35332c17cce2_00.dat,0.00038120,78.7742,87.3252,86.9424,72.0090
02958343_ec07cd8db8f2bea851f021b9ed69c58_00.dat,0.00021210,71.3659,86.0564,91.6869,58.4184
03636649_dce4bd10d499b2f24b3c42e318f3affc_00.dat,0.00137088,27.7414,38.9625,30.3731,25.5295
04379243_fb2191ec35ad66da30bbd4cddd04c77b_00.dat,0.00012862,82.6461,93.7393,96.3909,72.3320
02691156_e88ce288726375ff87bf26680c510802_00.dat,0.00012474,85.3769,95.7150,89.4972,81.6194
02958343_fe61764c0552c837d76439fb95cdd2ed_00.dat,0.00015506,71.4369,89.6209,92.1330,58.3333
03001627_ef1152b1660592d413f0924ccc9628e5_00.dat,0.00044776,51.2740,65.0466,59.2052,45.2168
02958343_dec396fa569fbd20618e9d35559b7aa_00.dat,0.00026198,65.9891,79.6626,85.0365,53.9130
03636649_d36d4552fe1290ee90c2e24416edfe5b_00.dat,0.00025653,79.0439,88.1081,78.6699,79.4214
03691459_cb356bbfb74abea2c6573f6ede3fd543_00.dat,0.00061172,64.7186,80.4832,90.5109,50.3661
04379243_e448e3e40395d4d679414e04132a8bef_00.dat,0.00007717,93.5207,99.4381,92.7818,94.2715
04379243_d236d890ebc96f9ddaeb6f944439aef2_00.dat,0.00014084,78.3502,92.6835,92.7413,67.8254
02691156_fb62efc64c58d1e5e0d07a8ce78b9182_00.dat,0.00033400,58.4785,75.9570,52.3114,66.2941
03691459_ca052c8db0c94fd345189af3887d3c51_00.dat,0.00230986,34.9888,49.7324,63.0981,24.2056
02958343_db86af2f9e7669559ea4d0696ca601de_00.dat,0.00018288,73.4750,87.3080,94.4444,60.1254
02958343_cdd58286e3e428ec1fabf3cbd0fc77bc_00.dat,0.00027714,58.1044,78.7383,86.0097,43.8708
02958343_d6def3a1a90ff22bbecf71e2e014ff6f_00.dat,0.00032508,66.6505,83.0101,74.0876,60.5703
03691459_f046081ff90ebb6dce029fab54b6cfbd_00.dat,0.00028587,63.6476,83.3914,89.8216,49.2857
03691459_dd6a03f9fdc339c6538cf6df9faa9b65_00.dat,0.00047535,44.7076,63.2101,63.0981,34.6179
03691459_d922dd8309247d10ef94793a67b4c5c0_00.dat,0.00016388,71.8510,92.1468,89.1727,60.1641
04379243_f5de3fdb7c073f48dbbc9440457e303e_00.dat,0.00028251,68.2157,83.2063,84.1444,57.3577
04379243_cd91028b64fbfac2733464f54a85f798_00.dat,0.00065418,58.8302,71.8891,68.1265,51.7663
02691156_fc44636ad5fd9754927b6179bcc6e892_00.dat,0.00017774,78.0268,90.7756,90.3893,68.6391
03691459_ccd635e4cdca96e33b6e05aed261d1e8_00.dat,0.00040724,76.5344,90.2698,95.7826,63.7278
03001627_d2304054a8dc7ea4febad4f49b26ec52_00.dat,0.00076208,45.2423,61.0845,62.8548,35.3397
02958343_da1219003ad3d14abecf71e2e014ff6f_00.dat,0.00032284,56.6118,74.1494,66.3017,49.3930
04379243_fb32e9a7a8c2dfad74eb542502c2205f_00.dat,0.00040183,62.2929,80.9111,94.8905,46.3652
03001627_d274fc14092387c1e17e1cb731e2fa4f_00.dat,0.00017854,67.7434,89.7700,85.6853,56.0144
03001627_f854fa8ee2fb6d715936c7265c890fef_00.dat,0.00024352,69.5810,84.1392,85.1582,58.8213
04379243_f1f3021c1469c8e5610c2a68437007d6_00.dat,0.00039637,71.2097,82.2384,87.8345,59.8765
02958343_d9e58ec3ad748aae2051f6248df99d19_00.dat,0.00028259,58.8406,78.9781,74.6553,48.5549
02958343_d4cabc05adedfafb246e9f4a5ddaa288_00.dat,0.00029124,58.7179,78.0845,88.2806,43.9877
04379243_d760cfad1855ef2d35f7fdc3c0cd22fe_00.dat,0.00027943,59.8900,79.4428,80.6569,47.6273
04379243_d62417059f78e8e79d2be74cfb51ade1_00.dat,0.00226804,59.9993,72.3590,94.1606,44.0265
03691459_d6f0a0ca6446eab0c0b5947ffe18a468_00.dat,0.00071433,50.1588,69.5155,83.5361,35.8391
03691459_fd421313164e2d7f1be6fffd725195b9_00.dat,0.00024721,62.1650,82.0738,77.2506,52.0087
02958343_f3b776ad13e88865cfc78902445ccff8_00.dat,0.00026892,62.9245,80.6046,79.9270,51.8868
02691156_fb2204e98090448ebbf3143b1cb6076a_00.dat,0.00005085,96.8022,99.0905,98.5401,95.1245
03691459_de41e90d949a21d6a41c66e27a37f014_00.dat,0.00091224,43.7645,60.4653,49.3512,39.3140
03636649_f01cf64f05572ac4b509f4ddcfa8ca1_00.dat,0.00022289,62.3754,79.9008,86.0503,48.9170
03691459_f156e32edfe185b76ac6c4392c71284b_00.dat,0.00056298,50.9409,71.0620,65.5718,41.6481
03636649_e69b661bb90d7e9c9dcf2183c858e6e5_00.dat,0.00038674,47.7596,67.1980,51.5815,44.4651
04379243_d58ea40d8a5c8c0c362f4098f2ea31b0_00.dat,0.00067450,81.5559,87.0220,86.2125,77.3766
03691459_e796a74db4708efcf115c1f523ea8464_00.dat,0.00085971,42.1063,53.8878,39.0916,45.6248
03636649_dca5ccbc65594b4fcb8d8c6d4df8143_00.dat,0.00147243,31.5795,48.1558,39.6999,26.2169
03001627_d5bd619acad1bed3d2b12aa6a0f050b3_00.dat,0.00011630,84.3353,94.8170,86.5775,82.2064
02958343_d0d6ed4d20e338fd3dfdd0a4b0d02ee6_00.dat,0.00016357,72.7840,90.8035,90.3082,60.9557
02691156_f88be1c8e93fbfecba0d990ae229b477_00.dat,0.00016451,83.7664,90.8421,94.2417,75.3869
03691459_c766463a3623d0ab8a0181490cb73cbc_00.dat,0.00074618,50.8314,66.0704,76.1152,38.1566
04379243_d3624229f0310175658d908a2254f194_00.dat,0.00013177,86.8861,96.2603,96.1476,79.2521
04379243_fccd86d2aa3c565334aff3344c00890c_00.dat,0.00008692,90.0891,98.3216,99.7161,82.1572
03691459_e97a846820b094b8f439510dd98d9326_00.dat,0.00013836,75.7859,93.5291,88.5239,66.2525
02691156_dbd0efc89242cc9318de900bee20377_00.dat,0.00023650,67.0782,81.8684,78.5077,58.5537
04379243_dbf2123ee206a81b8b00eeaf68a1358_00.dat,0.00046475,65.7207,75.8580,79.1971,56.1637
02958343_d036868bde5610cb79ac0edf81f73f6c_00.dat,0.00021927,66.8832,83.6202,89.8621,53.2631
03636649_eb311e6232cb7011bb5bd941c6665c21_00.dat,0.00029992,64.2385,76.9391,81.1436,53.1629
03001627_dc0bc65e9181c2f698eb62961a525575_00.dat,0.00024931,65.5140,82.6541,84.8743,53.3456
03691459_ccffe9befaec2d1c4ffa46d1fcb77f51_00.dat,0.00063083,56.2613,77.4443,99.1484,39.2734
04379243_dc49259a117af8f1d200faae04ce3f8_00.dat,0.00029496,67.8193,82.3426,82.9684,57.3482
02958343_cf2424546ce3fc5f2c1bce2ae620392b_00.dat,0.00038659,52.9553,71.7031,80.1703,39.5347
03636649_e9b1b74a44465b8b192ae1372f64f330_00.dat,0.00065453,42.4099,57.3533,62.8143,32.0114
03001627_d30ecbe6cbe364e5c8687ff9b0b4e4ac_00.dat,0.00018392,70.8607,87.2875,86.8613,59.8381
04379243_dab44e951363e187ed44d599900d391d_00.dat,0.00028907,62.1795,79.0955,75.7097,52.7521
03636649_f38370fc4c112017a6e7138fdd58748_00.dat,0.00019796,71.9130,85.3820,78.3455,66.4566
02691156_e8e1b765fdf5edfa14c19f41d007670e_00.dat,0.00027969,66.0663,80.1362,76.8856,57.9164
03691459_ea944f309ec70895c9fff209a296912_00.dat,0.00031685,55.7338,76.5898,76.4801,43.8412
02958343_fda43d663587c7a9caf180c847b8b75_00.dat,0.00018534,71.8032,87.7714,90.3893,59.5569
03636649_da5db67a2385d5e8da9baff5f5368802_00.dat,0.00026552,71.2475,84.1485,74.9392,67.9024
02958343_dc8aef6a8c88997a582e5e3e7771ea25_00.dat,0.00010602,84.0735,97.0322,96.0260,74.7671
03001627_efa83c67ce47bfca304edcf7c4314468_00.dat,0.00011189,84.8092,95.7166,98.3374,74.5530
03636649_e4c9bb21fe5bfeb3e21f078602e2eda8_00.dat,0.00019727,69.2475,85.7520,89.0511,56.6495
03001627_e9a8bc335a7faf78f91663a74ccd2338_00.dat,0.00037693,63.9585,82.9587,66.6667,61.4617
02691156_ed1d51ac367d0fa5f830b2dc9bf63133_00.dat,0.00023069,68.9258,84.2079,74.7364,63.9535
04379243_fb7124d1ea2937f252219cd24638ae38_00.dat,0.00011948,83.4543,95.4593,91.2814,76.8635
02958343_f76b9a9455b20cd875a45359f7e88a3d_00.dat,0.00023944,65.7130,82.0637,90.3487,51.6338
02691156_ec531add757ad0fa9a51282fb89c35c1_00.dat,0.00007944,91.2486,98.4457,97.7697,85.5431
02691156_f7f915160c0e1f6f42bc0eea174f82b_00.dat,0.00004503,97.6628,99.5494,100.0000,95.4323
03691459_e1d8c419be35ee1e209a4a663fdfe000_00.dat,0.00019732,65.1192,86.0496,77.3723,56.2164
03691459_e1385ebae6a7869d23a4cda08ffef080_00.dat,0.00055490,46.8999,63.4694,53.4063,41.8067
03001627_d7b22da1174eade770bc652a18e29c3d_00.dat,0.00043944,54.1399,68.9236,62.8954,47.5242
02691156_fcd7a8834a7f26f15069db69b8c1c70_00.dat,0.00050668,60.5483,74.1309,71.2084,52.6643
04379243_e2e3f057399a2b41276b6f6d90ee3a83_00.dat,0.00267006,27.5937,39.2378,29.9676,25.5684
02691156_fdb87fe46a2dd5ae148cecac5cfe1090_00.dat,0.00037468,72.6068,85.7390,79.6837,66.6845
03636649_f69d3903096b6bb78ca4aeb5e3b33af7_00.dat,0.00012687,80.9768,92.5504,89.3755,74.0210
03636649_e94273de8e52f9f896a3517f50eeb9f4_00.dat,0.00059982,60.1917,73.2115,61.5572,58.8855
02691156_f144e93fe2a11c1f4c3a35cee92bb95b_00.dat,0.00010401,89.2796,95.8402,94.1200,84.9126
02958343_eada833517294359a3f999fa1343e263_00.dat,0.00018401,71.4061,87.0599,92.4574,58.1631
02958343_f2a990659efa05c5452d05118c2bf489_00.dat,0.00029451,67.9988,82.6045,98.2563,51.9891
03691459_daa10595347937b9ae7dd8d7b134d1af_00.dat,0.00039226,61.3346,79.9491,88.5645,46.9114
03001627_f0f04644e071d9348ca588a3264b9f86_00.dat,0.00012365,80.4364,94.7597,92.4169,71.2057
02691156_ffc1b82bec23a50995b8d6bdd18d56e8_00.dat,0.00006228,95.0488,98.1663,99.2295,91.2060
03636649_ff43ef647c75b5a4fcb8d8c6d4df8143_00.dat,0.00022294,67.6086,83.8339,95.6610,52.2782
03636649_f41b9c3cb9243780dce4754e673446ce_00.dat,0.00053268,40.7980,60.8809,72.4655,28.3911
03691459_f25cae5549e30302803f272bf12359d9_00.dat,0.00076760,36.0194,53.2395,50.5677,27.9719
04379243_f2fee52b9098c13fdcfa6f33a3c5eb83_00.dat,0.00021776,73.0703,85.5562,94.6472,59.5048
04379243_f6ec4343f78b94b42553cc33364504d5_00.dat,0.00052325,68.8833,80.5665,82.8467,58.9478
03636649_d9f6bd064c9fd456fcb8d8c6d4df8143_00.dat,0.00044257,57.8499,72.0347,71.6139,48.5237
03636649_fc8345dacde827e376e9713f57a5fcb6_00.dat,0.00045051,50.5658,63.3876,72.6277,38.7844
04379243_debd11754f993031eef3a45c2f31a227_00.dat,0.00027216,63.8404,81.7785,71.6545,57.5629
02691156_f592e88114a240cc61a8d3163a0a75a7_00.dat,0.00014519,86.9277,95.1171,94.5255,80.4603
03001627_fb9f11f128e006d2498725b9a1405ebb_00.dat,0.00056594,59.1326,75.6900,69.3431,51.5430
02691156_fd3a9743e16d35e51fc210a07910eb2_00.dat,0.00034500,64.0853,80.7615,67.7210,60.8200
02958343_ed799c077fdf7dc47e5246097b57ccd_00.dat,0.00018631,72.7461,86.7074,93.9578,59.3479
04379243_d268aa3ecf296572c0806ee26b689c99_00.dat,0.00052996,72.0733,86.6583,96.1476,57.6407
03691459_e5c1a7e9bb2dd0d65a31d91ec836a511_00.dat,0.00015800,69.4713,89.8240,92.4574,55.6388
02958343_d09f68be7e9e90989393793f9cf3dbea_00.dat,0.00023722,67.4377,84.3362,94.4850,52.4293
02691156_fd425567d79a43d14f8a08a5e6b028e7_00.dat,0.00009405,88.8268,95.6928,95.7421,82.8431
03691459_f4bb44c3b9a044ebaaa7694cf6c95b84_00.dat,0.00049451,53.7941,71.4885,73.6821,42.3603
02958343_ced46f74119cdb36a7fc8832cd5fa42b_00.dat,0.00031051,50.2737,73.1690,81.8329,36.2815
03691459_ec9938becbd706dc8dcc38f589890f0_00.dat,0.00187408,33.8076,47.0591,39.0511,29.8056
04379243_ff49113c1bda893155c5c4533d35b323_00.dat,0.00070032,48.4408,74.4076,54.1768,43.8031
02691156_ebe0d0bfa6ec36edd88eab18f1be033b_00.dat,0.00007772,94.1323,96.7535,96.7153,91.6836
04379243_e17121f04e884edde480eba094ece03b_00.dat,0.00039737,56.9612,72.2059,72.3033,46.9903
03691459_f4b733690a0fae8ff357e7c4167f3100_00.dat,0.00011957,78.6035,96.7576,93.6334,67.7313
04379243_e29252434d37520ff008d8a3590fb522_00.dat,0.00039215,53.1580,74.1057,83.6577,38.9556
03691459_d458f71eedc7146994fa1ea146084110_00.dat,0.00056983,41.5815,59.1411,58.3942,32.2858
03001627_ef4f9cd2b498a10a614871b18a2b1957_00.dat,0.00051128,44.2373,63.2102,65.9773,33.2735
02691156_e533a1a758a1752b187ea8c086d9f2c_00.dat,0.00015945,80.8587,89.2487,83.1306,78.7078
03636649_ff08713d837d87edf2098a9f7fc86999_00.dat,0.00010202,86.9823,92.7581,97.8913,78.2609
03636649_fa0a32c4326a42fef51f77a6d7299806_00.dat,0.00009140,88.7635,96.1863,90.2271,87.3466
02958343_fd6c7ba9e81a5f7032a96978a804d13c_00.dat,0.00026831,64.0038,81.3639,90.9976,49.3612
03636649_e6f2e77940fbc85a8e2d66cbf6a91063_00.dat,0.00019753,67.6492,88.5911,76.3179,60.7489
03691459_e5012f54d03b863ecfd43bf63e641a70_00.dat,0.00034957,49.7187,69.7350,59.9757,42.4577
04379243_e4947c9bc17eed10e54cb890e8682c84_00.dat,0.00017110,88.1377,94.0710,98.0535,80.0431
03636649_fd2f5320fbfbc88a47c71c6d277c802d_00.dat,0.00034793,62.2055,76.3909,76.7234,52.3077
02691156_ed73e946a138f3cfbc0909d98a1ff2b4_00.dat,0.00005496,95.7270,98.7508,98.7024,92.9258
03691459_fcd642cc82a4417848db103415b9e9da_00.dat,0.00483432,15.9387,22.0094,13.8686,18.7351
03636649_d00391a3bec2a9456a44fdd49dec8069_00.dat,0.00007024,91.5088,97.5302,99.5539,84.6667
02691156_fbc7afa847c30a4c183bb3a05fac486f_00.dat,0.00430112,35.4101,43.7729,32.4006,39.0358
02958343_ffbf897d9867fadff9a62a8acc9e8cfe_00.dat,0.00021473,68.9815,84.6024,91.7680,55.2601
02691156_d722973c75c85d93d0734afa0d357999_00.dat,0.00039806,58.9483,75.1180,72.8305,49.5110
04379243_f8f8ff7d9cfdd395765b19233e844344_00.dat,0.00055917,54.7852,72.4886,63.5848,48.1251
02691156_db5146b7695fafba78d7c0e1adfe122c_00.dat,0.00038680,59.9948,72.9827,79.3187,48.2419
03636649_fb4043f7fb8257d8578d107c71db28ac_00.dat,0.00072375,49.6618,62.0151,62.5304,41.1859
03001627_f2f0f205af792d3d40332412c5d013fb_00.dat,0.00033444,66.3797,82.5200,76.6018,58.5647
02691156_f6e6fd724a9eab24ba8e93696257b3fc_00.dat,0.00124492,41.4178,53.6722,41.2814,41.5551
03691459_e51ccf3bb4413ceb61775b840d882da9_00.dat,0.00059633,43.5209,60.2978,62.0843,33.5033
03691459_d4fa4988db7f2eb477818a0572bf1777_00.dat,0.00050089,49.3394,67.5118,59.6107,42.0874
02958343_da0d62fcdd204adfde0d30276290c814_00.dat,0.00040889,47.4543,67.5712,60.5434,39.0188
03636649_f2038cb9bb9438a6c790d7efcdfb5239_00.dat,0.00196567,39.2100,50.8723,49.9594,32.2673
04379243_f9a9c8e70b6a2b31b20aa91e9e90c311_00.dat,0.00056060,68.2629,81.8796,66.4234,70.2073
03001627_e4c866b5dd958cd0803d0f5bac2abe4c_00.dat,0.00055622,55.2282,71.5059,68.1671,46.4176
03691459_f6954ca2e4c2b03c67b2ae8c967fcba0_00.dat,0.00095485,38.8361,54.5015,57.8264,29.2352
03001627_f4b6bf9253918b52944d8f8e13d63fde_00.dat,0.00014600,77.6486,93.2308,92.2952,67.0140
04379243_d120d47f8c9bc5028640bc5712201c4a_00.dat,0.00019437,72.9941,89.0650,87.7129,62.5053
03001627_e807c535765fbbbab40f0ac0fb9a650d_00.dat,0.00057692,50.3989,65.5357,70.8840,39.0993
04379243_e7f44c111fc65019e76bc197b3a3ffc0_00.dat,0.00042687,82.7440,87.3222,88.5645,77.6413
03691459_cb3bc7b6610acb7d7f38a9bfed62447a_00.dat,0.00054594,55.0263,76.9801,90.9165,39.4521
04379243_db3d26a5f2a99aec433eec73a2fff97a_00.dat,0.00019609,86.4631,93.6851,91.8491,81.6737
02958343_dd9e4d7fe7c131816ca2b6e5474aad11_00.dat,0.00028630,63.3291,81.0102,89.0511,49.1363
03691459_cc88df1c3cfac12a99db62650613bd48_00.dat,0.00033057,57.5132,75.1164,74.2498,46.9339
02958343_ce6dfb4a733ceb58473f10e6caaeca56_00.dat,0.00029477,69.4051,82.2173,91.2814,55.9873
04379243_d26f2c85a4aafa72db6f3ca49e992ad8_00.dat,0.00026474,64.1478,80.0993,87.5912,50.6038
04379243_f622d7d6892fe02937251258858a7a58_00.dat,0.00026756,67.4987,86.6690,78.4266,59.2438
02691156_ecd761d36abc0fb5250e498b1554a6f_00.dat,0.00070414,57.3531,71.4512,60.1379,54.8148
02691156_ede14aa589c68280216b327569dd806e_00.dat,0.00006711,93.1116,97.8034,98.0535,88.6440
04379243_fe4bcffc64838402684b7bc3f8a9aa55_00.dat,0.00031209,77.1960,84.9416,93.5929,65.6879
02958343_d20990638711f55967bf54a1f364120_00.dat,0.00015495,75.0703,92.2515,85.0770,67.1698
03001627_d23682341fc187a570732116fb5f6e1_00.dat,0.00019011,77.3318,87.1095,90.5109,67.5028
03636649_ddb951343304bf1f351d9ca36f76b95_00.dat,0.00103279,56.2434,68.0020,57.5020,55.0388
02691156_e58010dd5766e0ce78f081615c34707c_00.dat,0.00069725,40.0971,57.2868,54.4607,31.7288
02691156_d9eaf9c7d58279dc9a6e43b878d5b335_00.dat,0.00007987,93.7304,98.2104,99.3512,88.7116
03001627_fac321238dc8637eaa7cb30470f3273c_00.dat,0.00026190,64.3613,81.7014,74.8986,56.4233
03636649_f12822778713f5e35b36bbc16e99b441_00.dat,0.00021101,69.2236,85.5964,80.7786,60.5607
02691156_ff12c3a1d388b03044eedf822e07b7e4_00.dat,0.00036386,64.7891,80.5427,63.5036,66.1276
03636649_f9b41c5ee5ce8b6fcb8d8c6d4df8143_00.dat,0.00065289,50.5533,63.9988,72.6277,38.7696
03636649_e389b9eed612e5c225a454369d791fb0_00.dat,0.00077924,54.2125,67.9008,71.0057,43.8434
03001627_ec25a41ca233ed096e5a467428553af2_00.dat,0.00022818,73.9394,85.6961,91.4842,62.0412
03001627_ce474d7c415941acfebad4f49b26ec52_00.dat,0.00053157,36.0359,56.7431,58.3131,26.0747
03691459_cefdbfba01e3128920363e2561dd589a_00.dat,0.00095603,30.8913,47.9609,42.5385,24.2512
02958343_fdd3f02c294518341944f01d3ab2091b_00.dat,0.00020013,64.6063,84.0749,92.2547,49.7088
02958343_d2776550e240c0d642fb51f57882f419_00.dat,0.00020506,86.5890,92.6707,84.3066,88.9984
03001627_cca975f4a6a4d9e9614871b18a2b1957_00.dat,0.00031863,69.1246,82.9027,79.6431,61.0604
02691156_dcbd333ef51b76862b600da24e0965_00.dat,0.00005567,96.9617,99.7430,98.5401,95.4331
02958343_f06cf31bd73b21eb3fe51173866bb20_00.dat,0.00025253,64.2119,82.2198,93.3090,48.9481
03636649_d00157a022079bdef3655a2ce983ab1f_00.dat,0.00018070,74.6708,86.3420,81.8329,68.6614
04379243_f0c1fe7cfedf97e9b91b871e750ca615_00.dat,0.00030547,79.5943,87.3603,93.3496,69.3722
03001627_e89c76bae2ce47bcf4b6538438a0b930_00.dat,0.00037245,62.0458,80.5515,62.5710,61.5294
04379243_d6daf5eca30ca0965722577712723fd1_00.dat,0.00068637,71.5047,80.8293,62.2871,83.9243
03636649_f40c7b19234b07c2c8687ff9b0b4e4ac_00.dat,0.00023655,69.4016,85.2687,77.5750,62.7864
02691156_d54ca25127a15d2b937ae00fead8910d_00.dat,0.00008660,91.3548,96.3905,94.6067,88.3191
02958343_d41e4e445bf37b8a731c9cafdec546c_00.dat,0.00019239,68.4956,84.9329,97.0397,52.9272
02958343_e128a506f2e29a6796cceb824e3c56b0_00.dat,0.00018698,72.3872,86.9218,96.9181,57.7661
04379243_f77643cf323921d7c6542d86974f9497_00.dat,0.00028802,64.3585,82.5750,85.0770,51.7548
03691459_e911bf2418eae6241574d21c0c95092f_00.dat,0.00025375,72.6331,87.2235,88.6050,61.5399
03001627_d9558dccfe8e3381e45ef4135c266a12_00.dat,0.00026097,76.0523,87.6188,80.9408,71.7206
02958343_d6786ef05af6127d58e7058c5c570964_00.dat,0.00030910,57.3216,74.7688,83.6172,43.6079
03691459_d8023575778364b035cd53a06b1d2317_00.dat,0.00056298,61.2737,83.3486,83.9011,48.2588
02958343_d43d67170465fd4a4ce28f0f1b509eda_00.dat,0.00022628,63.9532,82.2467,78.6294,53.8939
02691156_e36ce61195489a56c8da6d3458daff84_00.dat,0.00076039,51.3906,64.7974,62.8954,43.4439
03001627_f83f1cbaf6c41a5db04cb542e2c50eb4_00.dat,0.00023516,65.4541,83.2739,79.2782,55.7353
04379243_e7045bfa00de20a39a0d3e7e907e5b53_00.dat,0.00009279,87.2168,96.8840,99.5539,77.6003
02958343_df34c25a1e1abe9428044fe9244db50a_00.dat,0.00019762,68.6084,85.7702,89.6594,55.5629
03691459_e22ec5ee664f7c172a9eb0f146e94477_00.dat,0.00161321,29.1880,42.6676,40.9976,22.6605
03691459_e8885d12901ed5aaa7d0cc9b15400f65_00.dat,0.00031400,54.2157,73.9128,70.6002,44.0036
03001627_f5ef49d354efe6741cda53280488fc3f_00.dat,0.00014252,76.2433,90.0446,88.2401,67.1182
04379243_d70877569d163235aece045e8bdac80f_00.dat,0.00014930,86.0762,93.5631,82.8873,89.5202
04379243_f3efcbd9745da90619fb4103277a6b93_00.dat,0.00010057,87.8480,95.8205,86.7397,88.9851
03636649_e86bed66672425464492223278b0e937_00.dat,0.00057130,59.7788,73.4811,63.7470,56.2757
02958343_fe860c6a74a86905468bac13e007a6e9_00.dat,0.00021750,66.7645,85.1926,84.6715,55.1096
02958343_f06053faa41414be2f20449572a3a77c_00.dat,0.00029185,61.8773,80.2343,85.8881,48.3583
02958343_dd37570a8876c4a4a513de4eb79b310d_00.dat,0.00018931,75.0409,86.8281,97.4047,61.0289
04379243_e13ea4661bd5e168e7fcbdad594ae05b_00.dat,0.00036948,51.9080,73.7897,69.8297,41.3068
02691156_f97fa7329969bcd0ebf1d9fd44798b9b_00.dat,0.00009736,89.1863,97.0440,95.0122,84.0336
02958343_f9e4bdf92a7efe4c50076f889f423cbb_00.dat,0.00011374,82.6384,94.7870,96.5126,72.2518
02691156_ddd729a8623bcb6e8699933784576e73_00.dat,0.00005500,95.7315,98.7288,99.8783,91.9152
02691156_f533dc37778c6f004c949161e83c47b5_00.dat,0.00033560,61.1336,74.9251,72.9116,52.6316
02691156_f110a2ce31dee1b3c16ef5c633c71b56_00.dat,0.00038392,53.9379,72.0393,73.8443,42.4851
03001627_d1c2afb3c53dc7c8c563fcc2752ece39_00.dat,0.00028944,56.0576,76.5337,76.0341,44.3940
03636649_e1916a904163748e8cc413950b617e8f_00.dat,0.00043868,58.2001,73.0093,63.0981,54.0076
03001627_e5d285ad477a33a27eaeab1f0c9120b7_00.dat,0.00049946,65.6588,80.4890,74.4931,58.6978
02691156_e332fb3eb2c4016ec1f9d235878ff0a9_00.dat,0.00010266,86.5237,96.7510,86.4152,86.6324
03691459_d6ad58677b397894224f9d60ad32613_00.dat,0.00088174,32.4394,47.7488,51.6626,23.6423
03636649_e993492372fce761cb3a30f2c37c38a6_00.dat,0.00036602,67.4586,78.7590,76.8045,60.1405
04379243_db454c99849016f8febad4f49b26ec52_00.dat,0.00022066,77.6944,89.2037,80.2109,75.3310
04379243_fece36426ea77b92a7bfc1660a1e18f0_00.dat,0.00048156,54.6635,70.2111,73.9659,43.3505
03636649_fea629edc206a49529fbb534b2045025_00.dat,0.00021190,78.4658,88.4768,86.3341,71.9119
02691156_efbb9337b9bd3cab56ed1d365b05390d_00.dat,0.00004692,97.8304,99.6736,98.9457,96.7400
03001627_d6075b23895c7d0880e85c92fa2351f7_00.dat,0.00062158,44.9907,60.7676,59.6513,36.1147
03001627_fd5f6ed4a873c5ec300fe8666348bd38_00.dat,0.00168855,42.7015,54.6464,43.3901,42.0343
03001627_eb04d1bffae6038c4c7384dbb75cab0d_00.dat,0.00025202,63.6230,79.0135,75.9124,54.7582
04379243_e9a1325245afff7c405d9b5bb7b18be5_00.dat,0.00007970,94.1867,98.2878,98.0130,90.6480
04379243_edf1d95e72479c4bbe13ce34aa7c0c1c_00.dat,0.00020255,76.0365,86.6542,91.6869,64.9500
03001627_ffa6c1a509986a5676708f8dec712a28_00.dat,0.00021844,65.2247,79.7951,83.4955,53.5144
03691459_f904f64f961e9cddcd3e44ab53ae1e92_00.dat,0.00049617,54.5021,71.4671,82.3601,40.7265
