sample_id,stage1_time_sec,stage2_time_sec,total_time_sec,total_time_ms
03636649_ec01e8b79f2d07df784a45ea6efa1d77_00.dat,0.0093,0.0952,0.1045,104.52
02958343_e4d1edc4cda4a6445fb81d6394b59c19_00.dat,0.0091,0.0873,0.0964,96.41
03691459_f57b269b91e369f07b646fca2237eb6_00.dat,0.0094,0.0830,0.0923,92.33
02691156_f8038d33c212f81fe99ea3c41458bc01_00.dat,0.0083,0.0814,0.0897,89.71
03001627_ea62254f0a5650579a8ef44e1d2c5b75_00.dat,0.0090,0.0842,0.0932,93.24
02958343_f45022f442368e60c038d3a33427a80e_00.dat,0.0082,0.0812,0.0895,89.46
02958343_fb7abd30eb601f85becf71e2e014ff6f_00.dat,0.0094,0.0825,0.0919,91.89
02958343_d2c06ff9c02457e0627014ff98c41eb1_00.dat,0.0092,0.0823,0.0914,91.43
04379243_e0caa2e794d98c814c9587cb3f654544_00.dat,0.0091,0.0815,0.0906,90.59
04379243_e3aa92f57f96a50c4ac1ecd2766586e1_00.dat,0.0084,0.0823,0.0907,90.71
02691156_e761cf88524cf8f24c3a35cee92bb95b_00.dat,0.0093,0.0833,0.0926,92.60
03001627_e118a2870622acaf65ba78ad9601cf1b_00.dat,0.0083,0.0866,0.0950,94.96
03636649_edd398530cff676282bfcd34215ccfc7_00.dat,0.0089,0.0801,0.0890,89.03
03001627_d49ce87d43cf4c8f1679065e1c457f94_00.dat,0.0095,0.0833,0.0928,92.84
03001627_f1c6c74053fe8888c5f49519e3caf51_00.dat,0.0092,0.0868,0.0960,95.96
03636649_f01358d4f45cae23ce670f026edf07e5_00.dat,0.0093,0.0829,0.0922,92.18
03691459_f663176a43096b35a43ada367b02a4fb_00.dat,0.0096,0.0838,0.0933,93.33
04379243_dd197fdad7f339cbe8b31d97326b3fa0_00.dat,0.0091,0.0870,0.0961,96.10
03636649_d5815f747626cadef912acc8c54e7fc1_00.dat,0.0087,0.0837,0.0924,92.40
02958343_d0e68e14e8012b497d6d702dc488f23a_00.dat,0.0093,0.0837,0.0930,92.97
03636649_f7c52d5d91e5ffbfbf82a0d508a096d3_00.dat,0.0089,0.0813,0.0902,90.25
04379243_f9f9d2fda27c310b266b42a2f1bdd7cf_00.dat,0.0095,0.0857,0.0952,95.24
02958343_f4ff99565a93404b775cb3ac197f5bcd_00.dat,0.0091,0.0837,0.0928,92.79
03691459_dafd6b7408e43ae5ec3b2e05ce8fd39b_00.dat,0.0094,0.0857,0.0951,95.14
03001627_ccabe6ab0816614dde03ab2a27ba7531_00.dat,0.0090,0.0847,0.0937,93.70
03636649_fe4ca0ab385784d8df6cfab91d65bb91_00.dat,0.0094,0.0837,0.0931,93.05
04379243_ed9dc0937009dc031311158f08f2982a_00.dat,0.0089,0.0862,0.0952,95.15
02691156_fbe788465e564e46bc0909d98a1ff2b4_00.dat,0.0092,0.0890,0.0982,98.21
02958343_eb40501934995e1a6560c47a91b4db1_00.dat,0.0086,0.0862,0.0948,94.78
02958343_f6bbb767b1b75ab0c9d22fcb1abe82ed_00.dat,0.0100,0.0842,0.0942,94.24
03691459_da9317e5776ed22b732bda87f2718525_00.dat,0.0090,0.0892,0.0983,98.25
04379243_d7d732d0ad7537eb610c2a68437007d6_00.dat,0.0093,0.0860,0.0954,95.38
03691459_f0f9a2082454542751dfe6844b6e8393_00.dat,0.0088,0.0806,0.0894,89.36
02691156_f25ffb9cf92236fb9671f5163e7f6535_00.dat,0.0088,0.0820,0.0908,90.85
04379243_fdd8dae63e8781414a803c33df86f3bd_00.dat,0.0091,0.0832,0.0923,92.28
04379243_d1457e572ef95ddbd2096b2fa6f98cc7_00.dat,0.0093,0.0807,0.0901,90.07
03636649_e7e45a8f0b0ab311c754474f0ac106_00.dat,0.0092,0.0838,0.0931,93.08
02958343_e8c48b9ed916910ec800bf2938639a70_00.dat,0.0091,0.0815,0.0906,90.60
04379243_cd82d526e58e3e7f4fb85ea6fd426098_00.dat,0.0107,0.0814,0.0921,92.14
04379243_eb31e5efeb810c5280d6227ff9b21190_00.dat,0.0085,0.0829,0.0914,91.43
04379243_de500885a5cda50f99284d844aba7576_00.dat,0.0086,0.0848,0.0934,93.42
03636649_e65eb892b1d1730e52470de2774d6099_00.dat,0.0085,0.0837,0.0922,92.20
03001627_fc07472e4dd1b6698ae97f14e63e7e01_00.dat,0.0085,0.0805,0.0890,89.04
03001627_d712f92ffb883fe6fbe6ed8d24e16d28_00.dat,0.0090,0.0814,0.0904,90.40
02691156_fcc94cf74fb886b7bbf3143b1cb6076a_00.dat,0.0082,0.0829,0.0911,91.13
03636649_e11d2e065d90200c7543d7dbfecfffbe_00.dat,0.0088,0.0820,0.0908,90.80
02691156_d37781e47470fa3d664a56105f5816ce_00.dat,0.0085,0.0854,0.0940,93.96
03001627_e545ff0d2058b382c3bd24f986301745_00.dat,0.0083,0.0816,0.0899,89.93
04379243_e9fd9958920adc279943cffe175cad01_00.dat,0.0088,0.0812,0.0900,90.05
03636649_ddc2d39dac6e84506c5b8009db95f66f_00.dat,0.0084,0.0871,0.0955,95.52
04379243_d78d509ada047f34e1a714ee619465a_00.dat,0.0088,0.0835,0.0923,92.31
03691459_cfc38353ff8392e73a7dda43d8d95517_00.dat,0.0087,0.0858,0.0945,94.49
02958343_cd3db50308c852a02630fc4a206fe3d7_00.dat,0.0088,0.0872,0.0961,96.09
02958343_cea62d812396c31a88ed7b6315c3b4a_00.dat,0.0093,0.0847,0.0940,94.00
03001627_e821fb5eb1e21368c341afa383659322_00.dat,0.0090,0.0809,0.0899,89.92
04379243_d4a3c7e26b4a6eef30bbd4cddd04c77b_00.dat,0.0093,0.0876,0.0970,96.95
02691156_fdb107ea7a600f5fe3f3aec01b086ba_00.dat,0.0091,0.0812,0.0903,90.33
04379243_d187561a6b0cbd0acaed5ce7390f30b7_00.dat,0.0090,0.0848,0.0938,93.78
02691156_e521828113e1e0c45e28caa3b26a73fd_00.dat,0.0086,0.0848,0.0935,93.48
03001627_f8bf45e20bec7cbc9cf3f05539f5c4e3_00.dat,0.0084,0.0822,0.0906,90.65
02958343_e59a94eb802be5fdc4dfe1cdb8eea44e_00.dat,0.0091,0.0867,0.0958,95.81
03691459_f2bb5c899ac2de670eb1591edd539b_00.dat,0.0095,0.0844,0.0939,93.89
03001627_cd5007a237ffde592b5bf1f191733d75_00.dat,0.0084,0.0816,0.0901,90.07
03001627_da6cbcac794d377df9111ef49c078dbe_00.dat,0.0096,0.0840,0.0936,93.59
02691156_f55390ed02c0b2b36aa3bf023a2b42a5_00.dat,0.0084,0.0828,0.0912,91.17
03001627_f5fdaff0ac02f106e8f8c11a24c52ebb_00.dat,0.0104,0.0835,0.0939,93.86
03691459_cfdd69078d7752298b54295fac36ff1b_00.dat,0.0083,0.0854,0.0937,93.71
04379243_e8502118aeed3381d5b708f09789d978_00.dat,0.0087,0.0897,0.0985,98.46
03001627_ce2acc9d7aea91a0988fec2229ccf13f_00.dat,0.0097,0.0826,0.0923,92.31
03636649_ea02a7933158caecfcb8d8c6d4df8143_00.dat,0.0086,0.0860,0.0947,94.68
03691459_ff4bc6c329ec7bf8a0eebc16d3afb516_00.dat,0.0087,0.0813,0.0899,89.95
02691156_d59bb0ad79371634f3d7c71ae132007d_00.dat,0.0082,0.0855,0.0937,93.69
04379243_e263fafc76ddb82b4cc80585c0d3d970_00.dat,0.0084,0.0830,0.0913,91.31
04379243_f41198b81216f36ff155d75bbf62b80_00.dat,0.0090,0.0850,0.0940,93.99
03691459_fa2cf860e277919a7445d25f394949d0_00.dat,0.0089,0.0860,0.0948,94.81
02958343_db41ab1176360b20314b3b3dfd6337f4_00.dat,0.0097,0.0833,0.0929,92.95
03691459_fb6bb656468452fb22d1a40e420084a6_00.dat,0.0084,0.0827,0.0911,91.09
03001627_e078876957aa6efbb0b0d46323bc2ae0_00.dat,0.0088,0.0851,0.0939,93.95
03001627_e6b822bea1d5a5a9f7b783634bf3f92f_00.dat,0.0091,0.0861,0.0952,95.20
02691156_dae96d5eb7dd6fcd2863c6a2c8157d17_00.dat,0.0098,0.0845,0.0942,94.24
03636649_d2d76338428129f62ffd6bbc7610ab0_00.dat,0.0089,0.0850,0.0939,93.88
03001627_cfd2b4a2c8398220731d11154716a6b8_00.dat,0.0091,0.0870,0.0961,96.09
03636649_d12558a4b1dec5ab37b2bb75885cfc44_00.dat,0.0085,0.0844,0.0929,92.92
03636649_dba95c4ca95048982d9c07d3b9171829_00.dat,0.0086,0.0857,0.0943,94.31
02958343_cc5dd71ba849ad26d7755e7baabe8a6f_00.dat,0.0090,0.0851,0.0941,94.14
02958343_e14338cbdf53c0ae3a0daf3e5400b95c_00.dat,0.0095,0.0817,0.0912,91.19
03636649_d59202f9d1504c8cc65f1ed6a348c8a9_00.dat,0.0089,0.0839,0.0928,92.82
02691156_f9d30b24d9651ee476c772fd813166d_00.dat,0.0086,0.0865,0.0950,95.05
02958343_ebbbc8673928ad37308fb27494afe372_00.dat,0.0084,0.0811,0.0895,89.49
04379243_ff58a52586bb1f692c95f6d76cb3094c_00.dat,0.0090,0.0834,0.0924,92.40
02691156_eee96e21bf51ee6ce719b5362fe06bbb_00.dat,0.0095,0.0826,0.0921,92.10
04379243_d533837495d31706d4bba81d85a6a53d_00.dat,0.0086,0.0832,0.0918,91.77
03636649_ff07372af062502af47e57eb62ec59ec_00.dat,0.0088,0.0850,0.0938,93.78
04379243_e49636394d4b0189523e5ffab409f73_00.dat,0.0098,0.0860,0.0959,95.88
03001627_d3bf9df2360f0a56731dc97277e95217_00.dat,0.0090,0.0835,0.0925,92.46
04379243_ed289e72b00480521fac473c90dd4a_00.dat,0.0090,0.0825,0.0915,91.50
03691459_dfc0bd9721814628a4eccbbe9e05e638_00.dat,0.0093,0.0825,0.0918,91.81
02958343_f8885a2372b427f8f2626f7f7bd2296e_00.dat,0.0093,0.0857,0.0950,94.99
03001627_e94089cce370e7d1aae894b47cf9777e_00.dat,0.0101,0.0853,0.0954,95.35
03001627_d04a1ec4ac9de6d6eab55e294b4eea02_00.dat,0.0092,0.0906,0.0998,99.83
03001627_d7dfcd99197d6ae7b6dbfb7eb145012e_00.dat,0.0092,0.0854,0.0946,94.62
02958343_d5d5ae304ad5376c8220afad74944c73_00.dat,0.0100,0.0882,0.0982,98.22
02958343_ff2b0198eac025c6c1bcae9def1986da_00.dat,0.0093,0.0843,0.0936,93.58
03001627_d01321ae63ae0b40ad1f278e1513f3b7_00.dat,0.0092,0.0821,0.0912,91.24
03636649_e7b719516449701362525a4d857f099d_00.dat,0.0096,0.0916,0.1012,101.18
02958343_f7b61de5d6d919a8953536e7c905b301_00.dat,0.0101,0.0873,0.0973,97.35
03001627_eea2622d5a8ad64bcb23db7a28593905_00.dat,0.0096,0.0818,0.0915,91.46
02691156_f12b45a38f012a78ac4f72bf08dc79a6_00.dat,0.0089,0.0832,0.0921,92.14
03001627_f68b7c3a1ed7506bedd9ab1253e1a9c4_00.dat,0.0093,0.0848,0.0940,94.02
02958343_eda96319f9f01f998496c87dd2a4075e_00.dat,0.0091,0.0894,0.0985,98.54
03636649_e365a641480635d330c09d86acf3d5c1_00.dat,0.0101,0.0839,0.0940,94.05
04379243_fc1fff82a7c97884fc5e332306225be0_00.dat,0.0085,0.0830,0.0915,91.48
02691156_f07028f2080aaf4e75b90b083ed202b_00.dat,0.0094,0.0827,0.0922,92.16
03636649_fd15a43ef545096fb6f5e7b313e4eaae_00.dat,0.0102,0.0834,0.0936,93.56
03636649_dd40743536da78a2bf964fc57f6a7d6d_00.dat,0.0085,0.0844,0.0930,92.95
02691156_e0bb0ddf67462f4a8b686f76be476fe0_00.dat,0.0087,0.0837,0.0924,92.44
04379243_e4c8211dafa5b903febad4f49b26ec52_00.dat,0.0088,0.0831,0.0919,91.92
03001627_f199965dc6746de38b01ef724ff374fa_00.dat,0.0085,0.0907,0.0992,99.24
03691459_f9e6e10cdb3066929a3fe7e437a02206_00.dat,0.0084,0.0821,0.0905,90.51
02958343_e5a3ffca76415acc33529abacbef3013_00.dat,0.0089,0.0836,0.0925,92.52
04379243_d4063d86f6b2d27cd5b312abcf74b469_00.dat,0.0093,0.0819,0.0912,91.22
04379243_f298b3663ae591a2276bf4bce35c96fc_00.dat,0.0085,0.0869,0.0954,95.38
04379243_e6cd72665faf3180f2cf6a9bef44d625_00.dat,0.0095,0.0826,0.0921,92.15
03001627_e2dbad7996e7e13430c589758b4b5646_00.dat,0.0089,0.0884,0.0973,97.28
03691459_f301db000c02b9d0e45c217bb038c35b_00.dat,0.0091,0.0903,0.0995,99.48
02958343_ec42bd73d57580a85b48f89d50b1db79_00.dat,0.0092,0.0834,0.0927,92.66
04379243_e39bfe8848fbf76540a98a90bd0efcca_00.dat,0.0091,0.0888,0.0979,97.92
03636649_e613b3c2006c457ea35a7666f0cfa5bb_00.dat,0.0090,0.0838,0.0928,92.80
02691156_ef6db5bcb6bb96ddd2f0cc036969ee4f_00.dat,0.0089,0.0842,0.0931,93.13
04379243_d0346744d67b08b099e8bf807e902261_00.dat,0.0089,0.0856,0.0945,94.50
03636649_e02cc9c4cac285419cb07ecb5b4102_00.dat,0.0093,0.0835,0.0928,92.77
03636649_f4db9c55f72edb36ad0d9196eb691e00_00.dat,0.0082,0.0851,0.0933,93.33
04379243_ef575c402b734f8d810b14a81e12eca_00.dat,0.0086,0.0850,0.0936,93.58
03636649_eee7062babab62aa8930422448288ea_00.dat,0.0084,0.0857,0.0941,94.14
03636649_e6c64600128ca2c176e9713f57a5fcb6_00.dat,0.0099,0.0836,0.0935,93.50
03636649_d3194dd3e07881828f58d8b19de93f99_00.dat,0.0091,0.0838,0.0930,92.99
03691459_d05deb21bcfffb07fac7130d270bddce_00.dat,0.0084,0.0843,0.0927,92.71
02691156_d0456644386d9149ce593c35f70d3f_00.dat,0.0092,0.0834,0.0926,92.57
03001627_dcdb75ba399230bf98f5bccb3529a48d_00.dat,0.0082,0.0834,0.0915,91.53
03001627_d3a38afe0a0341cefebad4f49b26ec52_00.dat,0.0084,0.0855,0.0939,93.92
03636649_f9bed8743eba72439a4cbf5d3b79df06_00.dat,0.0082,0.0837,0.0919,91.94
02958343_f78bdf493e66e19af42152005322e4a1_00.dat,0.0085,0.0854,0.0939,93.93
03691459_e3a37b904381c61a46407779dbd69b2d_00.dat,0.0094,0.0816,0.0910,90.98
03691459_efb2eac3d84429d6363cbfdd3d5388a_00.dat,0.0092,0.0847,0.0940,93.98
03691459_faeb2f5501c8618ae47833b310955a9f_00.dat,0.0088,0.0831,0.0919,91.91
04379243_db00e248dce5fe409cd431573238602d_00.dat,0.0083,0.0851,0.0935,93.47
03001627_cbc76d55a04d5b2e1d9a8cea064f5297_00.dat,0.0090,0.0844,0.0933,93.34
04379243_e566fd9bbc3d51d377b9297f3055210_00.dat,0.0089,0.0841,0.0930,93.03
04379243_f469759b2790b6cf6c1a170c83f9532f_00.dat,0.0090,0.0840,0.0930,92.98
02691156_f3463eac7325b600d01b5600c06c528d_00.dat,0.0091,0.0834,0.0925,92.52
03636649_fb8be091d77118ab90fd203f931c9af5_00.dat,0.0082,0.0842,0.0924,92.40
02691156_d28a3cd771b2bf1e71d03b466c72ce41_00.dat,0.0084,0.0843,0.0927,92.67
03001627_faca91ff3f9e2b93a87dbaf229daf408_00.dat,0.0087,0.0859,0.0946,94.62
03691459_e6e085e31c30925466bdbbf263e9429e_00.dat,0.0087,0.0841,0.0928,92.77
02958343_e99b4293db002d0d2d15396b7bcc6366_00.dat,0.0085,0.0805,0.0890,89.00
03636649_dbe5479ef7f6c752eb1f13e2de7cd7d8_00.dat,0.0088,0.0842,0.0929,92.93
03636649_ecf9ea749680ae432d9c07d3b9171829_00.dat,0.0091,0.0852,0.0943,94.28
02958343_f927a65382b9140beb0d54da59ce968_00.dat,0.0086,0.0857,0.0944,94.35
02958343_d6390f62d9e036efb1bb46d2556ba67d_00.dat,0.0083,0.0830,0.0913,91.29
02958343_deeed021ba7350eb9eb97066132c2975_00.dat,0.0087,0.0830,0.0917,91.70
04379243_f2743fb608c502abfffc97a61124b1a9_00.dat,0.0090,0.0808,0.0898,89.81
02691156_f6f5efa1554038ce2154ead1f7ab03aa_00.dat,0.0085,0.0885,0.0969,96.94
04379243_d599b1176343728c6705ae120c2282cf_00.dat,0.0085,0.0814,0.0899,89.89
04379243_f3f8fcf3713f89847e2388e35557b84a_00.dat,0.0095,0.0809,0.0904,90.39
03636649_ea9721231b1369c93ffd072b23bde58_00.dat,0.0082,0.0808,0.0890,88.96
03001627_dab5b7b9df65d2e2cf0bcb121cf32b53_00.dat,0.0091,0.0849,0.0940,94.02
02691156_d74767519393a937f73e5bc170b7e2be_00.dat,0.0089,0.0833,0.0922,92.24
03636649_eeffd79536a7ab3e597ff152ef65c9c3_00.dat,0.0090,0.0834,0.0924,92.37
04379243_fc2ae302325d2c796820bd77cbfc18d6_00.dat,0.0085,0.0840,0.0925,92.53
03636649_dfb6553d8e04cbaae1263552aa9a2d35_00.dat,0.0087,0.0800,0.0887,88.72
04379243_fe0a8440aef8f597a6656391f7752a4d_00.dat,0.0090,0.0840,0.0930,92.98
02691156_e0b5c450de6d7fe3d87c63d8b3018b58_00.dat,0.0086,0.0860,0.0945,94.55
03001627_d1caa22978e516655c31590a2627247_00.dat,0.0092,0.0812,0.0904,90.37
02958343_ee594be09a857234c9789b2cfb3d252a_00.dat,0.0086,0.0814,0.0900,90.00
02691156_f50eba69a3be1a1e536cfc00d8c31ac5_00.dat,0.0083,0.0852,0.0935,93.53
03001627_e67d503940c1d95b73e5f839658fc536_00.dat,0.0081,0.0809,0.0890,88.97
02958343_fe3239214e58828b6ca2b6e5474aad11_00.dat,0.0087,0.0805,0.0892,89.20
03691459_d14e6214d7dd4ed62d563c85edb49108_00.dat,0.0087,0.0863,0.0950,95.04
03636649_d582dce8cd58bc57899bad344dc01f2f_00.dat,0.0085,0.0862,0.0947,94.68
03636649_e6de1ff0564f172ad96790493cac7283_00.dat,0.0083,0.0821,0.0904,90.42
02958343_e97d26f05a68f833cd89498c213958c8_00.dat,0.0090,0.0838,0.0928,92.79
03001627_df55d3e445f11f909a8ef44e1d2c5b75_00.dat,0.0091,0.0839,0.0930,93.04
02691156_d4aec2680be68c813a116bc3efac4e3b_00.dat,0.0090,0.0828,0.0918,91.78
03691459_f6cccbb93c35fcaed49b96b9f2811c7d_00.dat,0.0087,0.0832,0.0919,91.94
04379243_e18d2ccfd7e0da86bc22c9f90939338_00.dat,0.0094,0.0803,0.0896,89.65
02691156_d919249737749c36417568af9ae9577f_00.dat,0.0084,0.0818,0.0902,90.20
02691156_ebedcd06f1770cd4bbf3143b1cb6076a_00.dat,0.0087,0.0844,0.0932,93.16
02958343_fee1c13922c07e8711b978ff9450f61b_00.dat,0.0085,0.0855,0.0940,94.02
02958343_ea968c62444e9bc6a385408af3374537_00.dat,0.0095,0.0838,0.0933,93.30
02958343_f76df2076c3af2b61244a04f5190e0a_00.dat,0.0086,0.0811,0.0898,89.76
03001627_e27cb29cc3df4d0330989b15eb158e03_00.dat,0.0083,0.0842,0.0925,92.50
03001627_e967c4817872b637de03ab2a27ba7531_00.dat,0.0085,0.0888,0.0974,97.36
02958343_dee55e3cad3f8fc27f45f210ce517828_00.dat,0.0083,0.0816,0.0899,89.89
03636649_d91cf049fa961ccb59f8e31ca87c470e_00.dat,0.0083,0.0813,0.0896,89.61
03691459_e878e519af882f493fc48162942e3418_00.dat,0.0084,0.0846,0.0930,92.97
04379243_dc3167808a79ebe24a1806c17996a001_00.dat,0.0081,0.0809,0.0889,88.94
03001627_e6b2017501b20ce1eff1a662025674bf_00.dat,0.0095,0.0828,0.0922,92.23
03001627_fd244782842c611b6443e5551f9d3958_00.dat,0.0089,0.0845,0.0933,93.34
04379243_cf046edeff204b81cdf7280ff8af6720_00.dat,0.0088,0.0833,0.0921,92.09
03691459_f8fde8f5f364087d2d563c85edb49108_00.dat,0.0086,0.0818,0.0904,90.44
03691459_eae023e4c609a77799234ad1a4f88718_00.dat,0.0081,0.0866,0.0947,94.71
03691459_e854747b2165ffd6f8b75fa4030d2e21_00.dat,0.0103,0.0841,0.0943,94.34
03636649_e7310381c64cd87f8880edc6251fa529_00.dat,0.0083,0.0856,0.0939,93.91
02691156_f3cc7d5c4089b842df6e254b0245ddcb_00.dat,0.0081,0.0831,0.0911,91.13
03001627_d4d9b991ff7d31e8c8687ff9b0b4e4ac_00.dat,0.0094,0.0836,0.0929,92.95
04379243_e96108e514142d13b3cf15c77de45986_00.dat,0.0095,0.0821,0.0915,91.55
04379243_eeb23be65d6c76123199fadac163f8c6_00.dat,0.0094,0.0822,0.0916,91.64
03636649_fd074c0819b9934f73b8ea30c1700f67_00.dat,0.0093,0.0847,0.0940,94.03
02691156_dfa310706fad49d873ec74c119307b9_00.dat,0.0090,0.0829,0.0918,91.82
02958343_e39e852b502f0836becf71e2e014ff6f_00.dat,0.0086,0.0848,0.0933,93.32
03691459_f6d6ab4f49238452b45df535caecae62_00.dat,0.0088,0.0839,0.0927,92.65
03001627_fa8f7c225d3b9f1def4a09e7eb872bd9_00.dat,0.0090,0.0843,0.0932,93.24
03001627_ff3a6eb4556b2c0eb04cb542e2c50eb4_00.dat,0.0093,0.0818,0.0911,91.07
02958343_fdcc09ad608e95b4b631b59d5abd1cf8_00.dat,0.0095,0.0834,0.0929,92.92
02691156_d20e3ed9b3430672bbf3143b1cb6076a_00.dat,0.0092,0.0824,0.0916,91.62
04379243_d3c31829b1295d0abf22a5ca4fa4678e_00.dat,0.0083,0.0856,0.0939,93.95
03691459_dc9c9ce6dc9a771f500158c23c4c5a8e_00.dat,0.0084,0.0850,0.0934,93.40
04379243_f7b8a1d716dc1725aa7cb30470f3273c_00.dat,0.0085,0.0848,0.0933,93.32
02958343_d4d7d596cf08754e2dfac2620a0cf07b_00.dat,0.0085,0.0855,0.0940,94.00
03636649_d460bf2dd59883f44e1a714ee619465a_00.dat,0.0091,0.0833,0.0924,92.43
02691156_f1384d3fd2d59e63f4d6518603e8629_00.dat,0.0084,0.0842,0.0925,92.53
02958343_fd0a1df53e51b4c79521b2829d4191b4_00.dat,0.0092,0.0818,0.0910,90.98
02691156_df0b14faa90bd4dce68b9e5f5c3d0eca_00.dat,0.0089,0.0805,0.0894,89.42
04379243_daaa70967da2bad4e80de6380bdd8c21_00.dat,0.0094,0.0843,0.0937,93.74
03001627_d661b52c3763eec020768660cf080d12_00.dat,0.0091,0.0819,0.0910,91.00
02958343_e042d636cfca46f56436916a86a90ed7_00.dat,0.0085,0.0849,0.0934,93.42
02691156_e33fbcf5b616d6f9f44f89e40af48618_00.dat,0.0091,0.0827,0.0918,91.81
04379243_fe25a9fdbf70cc25f81ed792b3a38b04_00.dat,0.0085,0.0855,0.0939,93.93
03636649_e13a855926f25ffc5285aeabe3f6e218_00.dat,0.0097,0.0841,0.0938,93.81
03691459_d3e279ab7bb0dcbb85d9d97241397921_00.dat,0.0094,0.0814,0.0908,90.80
04379243_eae36b396f6b5f97664b3b9b23ddfcbc_00.dat,0.0082,0.0865,0.0947,94.72
04379243_f6f180c3e72caacb5077539b37310c29_00.dat,0.0086,0.0843,0.0929,92.93
04379243_e2a56bcdb18d820047ad57fbec8be0bc_00.dat,0.0085,0.0826,0.0911,91.07
03636649_e37796d40348fa5fd8013bb984303089_00.dat,0.0100,0.0823,0.0923,92.28
03001627_e065edba45aee481490ad276cd2af3a4_00.dat,0.0085,0.0837,0.0922,92.23
02958343_f246c0bfe476a452becf71e2e014ff6f_00.dat,0.0089,0.0876,0.0965,96.48
04379243_cfe15cdc16a2e2054e2e1b2af0cc59a7_00.dat,0.0095,0.0818,0.0913,91.28
04379243_d3a72603f65b921b391e4d6c585a697a_00.dat,0.0093,0.0818,0.0911,91.06
03001627_eac0a44a4b4bf460f37e11038ce8fb27_00.dat,0.0084,0.0847,0.0931,93.07
03636649_fc602899fa852d6878aa68632c6b1d5f_00.dat,0.0084,0.0858,0.0942,94.25
03001627_cee5c4ec2b284e7317b431cae0dd70ed_00.dat,0.0090,0.0831,0.0922,92.16
03001627_cbc47018135fc1b1462977c6d3c24550_00.dat,0.0091,0.0829,0.0920,91.99
02691156_e0df97dfc068e3664bf88973bd147a26_00.dat,0.0084,0.0842,0.0925,92.55
02958343_e28b15ce3e0f68999916a6396d9c900a_00.dat,0.0087,0.0837,0.0924,92.38
03636649_f10af3d00a4c3e89f51f77a6d7299806_00.dat,0.0092,0.0829,0.0921,92.09
03691459_d3817d6003473f1c3971c6f4f1d0a4a0_00.dat,0.0087,0.0851,0.0938,93.80
02691156_de5cade3966a1dad94946b454cd190d0_00.dat,0.0089,0.0853,0.0942,94.23
02691156_e3f562bd552fbb14496e2f80fb255499_00.dat,0.0084,0.0817,0.0901,90.11
02958343_f8dace6f0c680fae994a3466f8481f8a_00.dat,0.0092,0.0821,0.0913,91.31
03001627_e955b63a4bd738857178717457aa5d20_00.dat,0.0091,0.0822,0.0913,91.27
02691156_ec8ba88cdead53f336dafa9b6763ef3f_00.dat,0.0081,0.0822,0.0903,90.31
03691459_efb33523a6be2e105a31d91ec836a511_00.dat,0.0084,0.0825,0.0908,90.84
02958343_df91db4ada9bad0f9c0cac0d72a31ff9_00.dat,0.0088,0.0848,0.0936,93.64
02691156_fe4ad5664773074cb536c73c7d134340_00.dat,0.0095,0.0815,0.0910,91.00
02958343_ea58938dca17f3853c9cf79df3851b10_00.dat,0.0084,0.0830,0.0914,91.40
03636649_fe200902555dd8c89f2349486c570dd4_00.dat,0.0094,0.0817,0.0911,91.10
03691459_ce21542cb2b0bb3458107383640dddec_00.dat,0.0092,0.0849,0.0941,94.05
02691156_d7454b0e80d3236ff268234accd8cf4e_00.dat,0.0087,0.0838,0.0924,92.41
04379243_d1cc46478cde981b9a980acf1a5058aa_00.dat,0.0090,0.0856,0.0946,94.59
03691459_ea4215e0c4455737dd3b7710c385b572_00.dat,0.0096,0.0805,0.0901,90.10
02691156_f1210d8f895e40b663c15773e7567372_00.dat,0.0088,0.0839,0.0927,92.70
03001627_f428a799c3185ee0c8687ff9b0b4e4ac_00.dat,0.0084,0.0798,0.0881,88.13
03636649_db447b84e1a8d8d6ba5342d638d0c267_00.dat,0.0086,0.0798,0.0884,88.42
02691156_d4d61a35e8b568fb7f1f82f6fc8747b8_00.dat,0.0087,0.0837,0.0924,92.38
03636649_fdc4b403601fedf955b7716fb9f91d35_00.dat,0.0086,0.0802,0.0888,88.80
03691459_f7a45911d01fe4a961775b840d882da9_00.dat,0.0096,0.0835,0.0931,93.07
03001627_cbc9014bb6ce3d902ff834514c92e8fd_00.dat,0.0085,0.0860,0.0945,94.55
02958343_d2d9bd9909125085b746f23ed32d4ff_00.dat,0.0089,0.0851,0.0940,93.97
03001627_f34fea2c05dc63d090984ccce1017e45_00.dat,0.0095,0.0844,0.0939,93.92
03691459_e5c2ab51068e9f8b58ad8ba2f750cf1d_00.dat,0.0097,0.0848,0.0944,94.43
03001627_eda8edcd64072b0db784faac204319d9_00.dat,0.0083,0.0855,0.0939,93.86
02691156_ecbb6df185a7b260760d31bf9510e4b7_00.dat,0.0090,0.0821,0.0910,91.05
03636649_d0018775e9f2d109fcb8d8c6d4df8143_00.dat,0.0085,0.0806,0.0891,89.12
03001627_d57bbc72d1b2670e4209d14d674fb332_00.dat,0.0088,0.0867,0.0955,95.53
03636649_d3f84442201b6c137fb7f79251dd7727_00.dat,0.0094,0.0840,0.0934,93.44
04379243_f4d21f925b703fb7e46b767696592d01_00.dat,0.0093,0.0838,0.0931,93.10
03636649_e8350583c84b5e6731ae8c8ff1eb3d45_00.dat,0.0092,0.0817,0.0909,90.90
04379243_ef62dad7755794a47558b47f7ba0b0c_00.dat,0.0088,0.0841,0.0928,92.85
03001627_ec78623a598fb6d67fa68300c57bff0a_00.dat,0.0083,0.0850,0.0933,93.33
03001627_e5a65fb8c660ef96dbbc9440457e303e_00.dat,0.0086,0.0843,0.0928,92.84
02691156_d581b2e10f8bc6aecc1d733a19631a1_00.dat,0.0093,0.0825,0.0918,91.84
04379243_d578287c4a9452efa9af104529ef47c3_00.dat,0.0092,0.0845,0.0937,93.68
02691156_dc03e743739c4f87c27f2d9f006d69eb_00.dat,0.0089,0.0847,0.0936,93.56
03636649_e02e79e028662e9ffcb8d8c6d4df8143_00.dat,0.0087,0.0842,0.0930,92.99
03001627_e4cc5cee7b011df316037b4c09d66880_00.dat,0.0085,0.0812,0.0897,89.71
03691459_e2c1e8958295f84459fca7a6b28640d3_00.dat,0.0090,0.0855,0.0944,94.40
04379243_f864677894410315ab610b0c94236463_00.dat,0.0097,0.0821,0.0918,91.82
03636649_e35c4fadbf8d0426c26e81144f3196d5_00.dat,0.0090,0.0841,0.0930,93.05
04379243_e08d1cd0dc7dc73db9d7c2fc41e80228_00.dat,0.0082,0.0834,0.0916,91.61
03691459_d5f20697fdea1b20fbc9490485dff00c_00.dat,0.0090,0.0841,0.0930,93.03
03691459_eda3d466ae38e9112a40b4a3ef70af61_00.dat,0.0085,0.0824,0.0909,90.92
02958343_e2d097edd2a10645becf71e2e014ff6f_00.dat,0.0086,0.0846,0.0932,93.25
03001627_d36de0f850783d8fd6b3090036b71698_00.dat,0.0095,0.0829,0.0924,92.37
02691156_d70d648947c65b1eca8607f540cc62ba_00.dat,0.0084,0.0816,0.0900,90.02
03001627_f0f9d29b3eb76fb7490ad276cd2af3a4_00.dat,0.0088,0.0849,0.0937,93.74
03691459_d457ef805b078d037f5e8f62dd90fb59_00.dat,0.0094,0.0849,0.0943,94.34
04379243_ea6571f7ef98f562fca88347d0eb86ef_00.dat,0.0089,0.0873,0.0962,96.18
02958343_e69a5ad60aad3da2292296f0c84d7087_00.dat,0.0094,0.0820,0.0914,91.43
04379243_ce4fde399bd5f6f6784a45ea6efa1d77_00.dat,0.0080,0.0842,0.0922,92.24
03001627_d6e5a8e9e0d5dfedb0957d845ac33749_00.dat,0.0085,0.0832,0.0917,91.65
03001627_faef9e4cff5fa61987be36ce60737655_00.dat,0.0089,0.0843,0.0932,93.17
03001627_fb381061e67388ba80360680c1602c7d_00.dat,0.0085,0.0842,0.0926,92.62
04379243_d7dbf6005f2e8fccf6ef7bb1183682c_00.dat,0.0089,0.0859,0.0948,94.80
03001627_fb71fc8021c89cf342d8a8c5af8997e8_00.dat,0.0087,0.0874,0.0961,96.10
03636649_e688f147080f123828eb8d149efa4062_00.dat,0.0096,0.0832,0.0927,92.73
04379243_eed0984ed7a72e99cd1c64069cf52e3_00.dat,0.0086,0.0870,0.0956,95.63
02691156_f16381a160f20bc4a3b534252984039_00.dat,0.0093,0.0830,0.0923,92.30
02958343_f9fb47305ee7156d59139efcde1fedcb_00.dat,0.0087,0.0849,0.0936,93.63
03691459_d46c71be46696b1d41ba258440d3e234_00.dat,0.0096,0.0844,0.0940,94.03
03636649_d87a2d766579f15e38b27a25d1336579_00.dat,0.0091,0.0868,0.0959,95.88
04379243_de1d044910991a072d184f71ff3205f5_00.dat,0.0100,0.0845,0.0944,94.44
03636649_d438e1e1b540a30b1f329c416dca6157_00.dat,0.0084,0.0846,0.0929,92.94
03001627_f4a2478ebfac3e56b0957d845ac33749_00.dat,0.0089,0.0802,0.0891,89.10
04379243_cd224ca2a8aa04b11362d127df6d94eb_00.dat,0.0093,0.0827,0.0920,91.98
03001627_cc25ba35b3f6e8d3d064b65ccd89778c_00.dat,0.0093,0.0834,0.0927,92.71
03001627_d3ff300de7ab36bfc8528ab560ff5e59_00.dat,0.0093,0.0853,0.0945,94.52
03001627_d74870729fb3e3c5aa0a75782a86b0f3_00.dat,0.0088,0.0836,0.0924,92.40
04379243_e2121844a25d93b2c3bd24f986301745_00.dat,0.0089,0.0846,0.0935,93.53
02958343_fcd90d547fdeb629f200a72c9245aee7_00.dat,0.0088,0.0845,0.0934,93.38
03691459_d4ae1449bdee448b1ab68128992ea30_00.dat,0.0096,0.0854,0.0950,94.97
02958343_e213d976734431773a3afd30f2e86bd7_00.dat,0.0089,0.0844,0.0933,93.33
02958343_cdc8453c63ffc13e20f29d4da2b76f7a_00.dat,0.0097,0.0823,0.0920,91.99
03636649_d153ae6d65b31e00fcb8d8c6d4df8143_00.dat,0.0093,0.0832,0.0925,92.53
03691459_ef509cfed1b359a7dc1ad15ea0771770_00.dat,0.0095,0.0824,0.0919,91.89
03691459_f0b4735b45d1a6b51aadbcf355bd688f_00.dat,0.0092,0.0817,0.0910,90.95
04379243_f023a5489450b924520ad20925ff9d2d_00.dat,0.0085,0.0837,0.0922,92.24
03001627_fd5ac9b342fe518b9d3ea1c6b57a0095_00.dat,0.0091,0.0841,0.0932,93.20
03691459_dd05c61250149ba5d49b96b9f2811c7d_00.dat,0.0093,0.0846,0.0939,93.90
03691459_e1bcea986fcbb7fab359198a2f47cf13_00.dat,0.0086,0.0829,0.0916,91.55
03691459_f3f07513f7deb6d1e4ad2926a22bd27d_00.dat,0.0088,0.0853,0.0940,94.02
02958343_ce8dae15de55bc57ec96068985a57399_00.dat,0.0087,0.0826,0.0913,91.31
03001627_fe20f6a58ca6c84c914eb005afa6475b_00.dat,0.0090,0.0869,0.0958,95.84
02958343_d8830880072d3f2077daaf29eed61abc_00.dat,0.0082,0.0851,0.0933,93.32
03636649_d7465ce6bfe4b898c98f75a9ff83e3b7_00.dat,0.0096,0.0830,0.0926,92.59
03691459_d06487d7634bdfddc1b62a5dd6fee95_00.dat,0.0086,0.0840,0.0926,92.65
03691459_e5a6dfbc6e89ba42bbdf3c5f28fe5d98_00.dat,0.0092,0.0829,0.0921,92.08
03636649_d49a8626a9eb5ac2553bbd6d743ae8f6_00.dat,0.0083,0.0855,0.0938,93.79
03691459_e71f2c0e0c760ae98139dd63d55edc44_00.dat,0.0086,0.0826,0.0912,91.19
02691156_eed299b690be51ffbd931fcaa69140_00.dat,0.0094,0.0866,0.0960,95.95
03001627_f39d429ab98d5323a1a6556bd50a3110_00.dat,0.0088,0.0822,0.0910,91.04
02691156_e0e0d713c8969b52ca8607f540cc62ba_00.dat,0.0082,0.0840,0.0922,92.23
03001627_f268849e43f64861cb3a30f2c37c38a6_00.dat,0.0085,0.0820,0.0905,90.47
02958343_fa234addf8fe4f7fbda733a39f84326d_00.dat,0.0082,0.0849,0.0931,93.10
03691459_e750bda061e86402cf39ad4726172e1d_00.dat,0.0086,0.0857,0.0943,94.34
03636649_e1ecd3a4734b91fffcb8d8c6d4df8143_00.dat,0.0083,0.0863,0.0946,94.58
03636649_de063371e5ef119cfcb8d8c6d4df8143_00.dat,0.0083,0.0860,0.0943,94.27
03001627_d50b0c6c006936f8de03ab2a27ba7531_00.dat,0.0090,0.0867,0.0957,95.67
03636649_ed57181b9e7644a3f51f77a6d7299806_00.dat,0.0086,0.0855,0.0941,94.13
03636649_e9df996dd33c009bfcb8d8c6d4df8143_00.dat,0.0097,0.0808,0.0904,90.43
03636649_dc5e7460dff922246a44fdd49dec8069_00.dat,0.0088,0.0819,0.0907,90.68
04379243_e28354127815445a83e5416284930195_00.dat,0.0089,0.0871,0.0960,95.97
03691459_d5e77992b28da2729c90f715a36a51dd_00.dat,0.0097,0.0915,0.1012,101.19
03001627_dcbb15dad2001a0b8a4c763d71484708_00.dat,0.0102,0.0860,0.0962,96.23
03636649_d5e278feb6007ccb88e7662971dc736f_00.dat,0.0087,0.0877,0.0965,96.46
02691156_d12f7698698bbc8f9b10643ba761a774_00.dat,0.0092,0.0907,0.0998,99.81
02958343_d8162c4884f7a1e37e8b8e914ac86db_00.dat,0.0096,0.0915,0.1010,101.05
03636649_da12a5d96b465cf6bced73c51e99f8b2_00.dat,0.0097,0.0844,0.0941,94.08
03001627_e0a011619d6c9df19f1deb04fb8ae481_00.dat,0.0104,0.0848,0.0952,95.17
02691156_f5a8cae96024e709c1ccec171a275967_00.dat,0.0087,0.0828,0.0915,91.52
02691156_fbc429365ab7136be1a9c234926c21e2_00.dat,0.0089,0.0876,0.0964,96.44
02958343_d0cf2f187acda5736be7348aa770e4ca_00.dat,0.0091,0.0881,0.0972,97.19
03636649_e1c49baf0a79732a7eeca6709b6a824e_00.dat,0.0090,0.0832,0.0922,92.16
03691459_f9250e29e640eff9a5f99ba0b2469cd9_00.dat,0.0090,0.0856,0.0947,94.68
02958343_ed6bf649ad5b3d82b1bb46d2556ba67d_00.dat,0.0104,0.0890,0.0994,99.41
03636649_e22cc77e9bf9eb0875d36c94c257eb30_00.dat,0.0093,0.0854,0.0948,94.77
02691156_fa4e8f24d7f0ae1cc1ccec171a275967_00.dat,0.0087,0.0916,0.1003,100.30
03691459_ec1b85abce89d680a7bc6032416bc8ae_00.dat,0.0084,0.0888,0.0973,97.25
02691156_e0ad511aab31dfdb3e237dc81fd8be72_00.dat,0.0101,0.0850,0.0951,95.15
03636649_dbc50a84c8d24f9168c981036afdae64_00.dat,0.0082,0.0869,0.0952,95.18
04379243_ec356bd4c5cea755748e58db1ff83cee_00.dat,0.0090,0.0856,0.0946,94.64
03001627_e23400a634c81fec3cc5c2b17dc81196_00.dat,0.0097,0.0833,0.0930,93.05
02691156_e9f39176973edd33a8cba409c4409ba9_00.dat,0.0087,0.0857,0.0943,94.34
04379243_fa719ece51c607383f3fb2f375c18a84_00.dat,0.0085,0.0823,0.0908,90.80
02691156_ea6ccb2dfb61484caaa29616be3e223b_00.dat,0.0092,0.0809,0.0901,90.07
02958343_e7141fa81a2828841e8bd72b0feca0a8_00.dat,0.0099,0.0834,0.0932,93.25
03636649_e053e531fc4341b5fcb8d8c6d4df8143_00.dat,0.0093,0.0827,0.0920,92.01
03691459_d97a4771b9d796a22d1a40e420084a6_00.dat,0.0090,0.0833,0.0923,92.31
02691156_f6b7f7695d091b9bc0909d98a1ff2b4_00.dat,0.0093,0.0867,0.0960,96.05
03691459_ce90cf5be2ffbf92505e438c8a36b3e7_00.dat,0.0091,0.0893,0.0984,98.39
03636649_e2e7f45670fc5e369a6c869309041adb_00.dat,0.0098,0.0859,0.0957,95.71
02691156_fbb2e9c15888afcaca504cdc40c452de_00.dat,0.0101,0.0840,0.0941,94.10
02958343_ce80b59208448fed627014ff98c41eb1_00.dat,0.0088,0.0855,0.0942,94.24
02958343_d287b02b4679c70ab7902335d9dd94a2_00.dat,0.0090,0.0840,0.0929,92.93
04379243_e09377eefe363b4f8101accd22c701b9_00.dat,0.0091,0.0878,0.0970,96.96
02691156_d9dd8dd2c422dadaad70e50d5d7d02a5_00.dat,0.0088,0.0884,0.0972,97.20
03691459_e4edc21690f623a35587d8c9be86464a_00.dat,0.0089,0.0826,0.0915,91.48
04379243_e439549f5da57f5ea5676001632ead27_00.dat,0.0087,0.0865,0.0952,95.24
03691459_f7624b0826b4da3ae7e41e72dd76c27a_00.dat,0.0094,0.0876,0.0970,96.97
03001627_f35645e0b1141804a57b3bec78e5d1b3_00.dat,0.0095,0.0818,0.0913,91.29
02958343_fe03018ebd46786cd436d4e00775800d_00.dat,0.0086,0.0881,0.0967,96.70
03636649_f97011a0bae2b4062d1c72b9dec4baa1_00.dat,0.0084,0.0806,0.0890,88.98
03001627_f1f40596ca140cc89cfc48dba5c0e481_00.dat,0.0091,0.0833,0.0925,92.47
03001627_f9d050a51da1f3ed30bbd4cddd04c77b_00.dat,0.0096,0.0859,0.0955,95.52
02958343_f36ce0c0cd0cfacba7742c4ce47c2229_00.dat,0.0083,0.0900,0.0982,98.25
03001627_dcfd665cdc0b01e7b04cb542e2c50eb4_00.dat,0.0096,0.0814,0.0910,91.01
02958343_dc21458ae25fd8f8e1d07440940052aa_00.dat,0.0088,0.0818,0.0906,90.63
03636649_fce6b0ca06f8a565b45df535caecae62_00.dat,0.0090,0.0814,0.0904,90.41
04379243_d2b7b34e176262513521fe8ac6222005_00.dat,0.0090,0.0876,0.0966,96.58
03636649_e0aa085dfdb0ac03ef3a2c64cef919d0_00.dat,0.0084,0.0896,0.0980,98.00
02691156_fd0262e95283727d7b02bf6205401969_00.dat,0.0082,0.0884,0.0966,96.60
02691156_e3fd510add7b1aa3c19eb6ab3736de88_00.dat,0.0086,0.0810,0.0896,89.62
04379243_cf076ced8264a480cce90f0d61ed7a70_00.dat,0.0090,0.0853,0.0943,94.32
02958343_db29d4701a688d80283ffcfc40c29975_00.dat,0.0085,0.0864,0.0949,94.86
03691459_cc9edcabf65e42d3febdb1f263373824_00.dat,0.0091,0.0854,0.0945,94.54
03001627_d2c93dac1e088b092561e050fe719ba_00.dat,0.0102,0.0863,0.0965,96.48
03636649_ec876529d01d4df490ad276cd2af3a4_00.dat,0.0091,0.0826,0.0918,91.77
03636649_d08164b754c2f139b93e96f21cf0da86_00.dat,0.0091,0.0851,0.0941,94.11
03001627_d2815e678f173616e6cfc789522bfbab_00.dat,0.0091,0.0888,0.0979,97.87
02958343_d50fcb81298e51e4afe717997470b28d_00.dat,0.0086,0.0875,0.0960,96.05
02691156_de29a1335c332a5ef7bc9a344bb7bae5_00.dat,0.0084,0.0863,0.0947,94.67
02691156_d07277bc3c95a365bd46d022fd7d80aa_00.dat,0.0085,0.0830,0.0915,91.53
02958343_d3518c00029f487f84b1aa0ed7e58be1_00.dat,0.0110,0.0845,0.0954,95.44
02958343_df1d1694cb98584cc23e2024862e7f3_00.dat,0.0091,0.0908,0.1000,99.95
02691156_d276954441de1e878a3d2bbe7d58317e_00.dat,0.0099,0.0835,0.0934,93.39
03636649_f330eebb153447181735ea0e092a805a_00.dat,0.0100,0.0836,0.0936,93.61
02958343_dca1e82e7d39edcbc2c2c81e2232aa95_00.dat,0.0094,0.0823,0.0917,91.73
03636649_f4e1a4032b1686cec35131da26f8061a_00.dat,0.0105,0.0837,0.0942,94.15
02958343_dbda3ad5d63a4570da3b4c3222e87c09_00.dat,0.0086,0.0858,0.0944,94.43
03691459_ecfb9655edf2b5297160646d65ba4383_00.dat,0.0088,0.0811,0.0899,89.88
03001627_d32f32d76d7f53bf6996454765a52e50_00.dat,0.0097,0.0819,0.0916,91.57
02958343_eb9569bf211fa2c7774e0bc2f3636d5c_00.dat,0.0086,0.0818,0.0904,90.42
04379243_e6cb8965b985b8a07eec403e4de3e723_00.dat,0.0090,0.0888,0.0978,97.81
04379243_d76d897ff334065a82130856eb48454e_00.dat,0.0091,0.0866,0.0958,95.76
02691156_f9589c9b900fd33ef23c3116d040903f_00.dat,0.0088,0.0811,0.0899,89.91
03001627_e5b0325d624a692467d783b4714d4324_00.dat,0.0091,0.0829,0.0920,92.02
04379243_ecbb5a30557f659b2c528d33bca1ac2_00.dat,0.0099,0.0846,0.0945,94.53
03636649_e8927203fbdbe320c02170c33e00ea64_00.dat,0.0089,0.0823,0.0912,91.22
03691459_cb904746fddde134b9e8bdc9c4a49aa2_00.dat,0.0084,0.0838,0.0922,92.22
02691156_e66692f2ec8ea898874f1daffc45b57c_00.dat,0.0088,0.0872,0.0960,96.01
03691459_fb60dd3c36439d836d74ed7e4da4b6ec_00.dat,0.0092,0.0879,0.0970,97.05
02958343_e24f388736f4e6fd2cdd250493632937_00.dat,0.0101,0.0855,0.0956,95.63
02958343_d2fb8f1c179dbf4e31269fbdcb80cff6_00.dat,0.0089,0.0883,0.0972,97.21
02691156_d639c8d2f55982558b96ae1a0a8b84ec_00.dat,0.0096,0.0829,0.0925,92.52
03691459_d027e01fdb3830687ffb47acd56f396b_00.dat,0.0097,0.0855,0.0952,95.21
02691156_faa361f642620bb72def37e9c0b35d0e_00.dat,0.0096,0.0821,0.0917,91.71
02691156_f067fb1b12badf2b732bda87f2718525_00.dat,0.0086,0.0864,0.0950,95.02
03636649_e529fc190753cc9df647dc544bb0ab61_00.dat,0.0088,0.0888,0.0976,97.57
02691156_dbd74d18fa992eee7f1f82f6fc8747b8_00.dat,0.0087,0.0813,0.0900,90.04
04379243_fc42d63af681a927e14dcb97ba059872_00.dat,0.0107,0.0837,0.0944,94.45
03691459_c280153b72c8e8ff571d223b2b8e4a24_00.dat,0.0092,0.0831,0.0923,92.34
02958343_efd6fb6613bdd83bceadcf3f4d2227ab_00.dat,0.0097,0.0866,0.0962,96.24
02691156_f04b62deb7737c86d37636af9c7bcc34_00.dat,0.0096,0.0825,0.0921,92.13
04379243_ff212e47775ea7fe6a3056c8cad72d81_00.dat,0.0098,0.0859,0.0956,95.65
03001627_f2dd3bc7d6c85a8f2813aa30be7ebdbc_00.dat,0.0117,0.0866,0.0983,98.27
02691156_fe266c740580c102ff9ce0c50c2cd25a_00.dat,0.0088,0.0873,0.0961,96.06
03691459_fa37905b884bdb169f69aafaa5236e51_00.dat,0.0084,0.0823,0.0907,90.67
03691459_e031b24fd58c84c12633ff66beb9cf31_00.dat,0.0087,0.0881,0.0968,96.77
02958343_f478cd5a04d2220a25af19d380ae3a_00.dat,0.0084,0.0906,0.0990,99.00
02958343_eefce52130d223ba2dcbf88f7c685079_00.dat,0.0097,0.0849,0.0946,94.61
03001627_fcd8163b26250f499fe49e672436bc45_00.dat,0.0096,0.0849,0.0945,94.47
03001627_f58ac8ac63d5a52d19fb4103277a6b93_00.dat,0.0087,0.0846,0.0934,93.36
02958343_ec82b3c468b05ecf51a95aaa6caba1d3_00.dat,0.0095,0.0830,0.0926,92.56
03001627_d86158642391ea7a150a331b054ed006_00.dat,0.0095,0.0813,0.0909,90.87
03001627_d764960666572084b1ea4e06e88051f3_00.dat,0.0092,0.0905,0.0997,99.73
03001627_f1b1c92f91d0e52bc68ff00665267e32_00.dat,0.0095,0.0834,0.0929,92.95
02958343_dcdee01d7fe6e1a76ad064d1c5fdd7c_00.dat,0.0087,0.0844,0.0930,93.04
03001627_cdfd278e8b1c11bfc36d58d0f13497a0_00.dat,0.0085,0.0819,0.0903,90.33
03636649_d3ca8a5d2e8c8ba4a320e34dad7c78bd_00.dat,0.0087,0.0871,0.0957,95.74
02691156_f009f3112625ee00b8cf782e8c539948_00.dat,0.0085,0.0910,0.0996,99.57
03001627_fe6b3c001a86d844d5767a0de8dd037e_00.dat,0.0091,0.0891,0.0981,98.14
03636649_e1fe4f81f074abc3e6597d391ab6fcc1_00.dat,0.0093,0.0881,0.0974,97.40
03636649_fbd59db93e38bdafc8687ff9b0b4e4ac_00.dat,0.0087,0.0911,0.0997,99.71
02958343_de1564379b1315a3efadfa67efa023c_00.dat,0.0100,0.0840,0.0940,94.01
04379243_e97106cc8bd3ef5730bbd4cddd04c77b_00.dat,0.0088,0.0891,0.0978,97.82
02691156_de7cc3442b1775d46559a92f80e3672e_00.dat,0.0098,0.0838,0.0936,93.64
03001627_eb59a4b8deddc6f659fe320c015eae2_00.dat,0.0094,0.0829,0.0923,92.26
02691156_d18592d9615b01bbbc0909d98a1ff2b4_00.dat,0.0103,0.0846,0.0949,94.94
03691459_f6d4918c7dd190447f45370489ca3156_00.dat,0.0086,0.0880,0.0966,96.60
02691156_fd67c89ff247f9e7442ed26ceeb35a60_00.dat,0.0089,0.0850,0.0939,93.93
03636649_f5a121812ce16ed2578f5640449b6f5_00.dat,0.0090,0.0869,0.0959,95.85
03691459_ec0a8e2fa00a746dfe74514a9fcabaf8_00.dat,0.0094,0.0817,0.0911,91.14
02691156_fcbdaf6100aad67d5abb92fce0f1ced2_00.dat,0.0090,0.0824,0.0914,91.40
02691156_d438a4539d8068fd44601c64497858af_00.dat,0.0086,0.0891,0.0977,97.69
04379243_fe2aee5ff66e4fe8d5f95109c85d2816_00.dat,0.0084,0.0846,0.0931,93.07
02691156_e6ed2c677e158daa1059f490634fcf62_00.dat,0.0080,0.0864,0.0944,94.39
03691459_f982748287ef2c7ace029fab54b6cfbd_00.dat,0.0086,0.0815,0.0900,90.03
03691459_ca545c7c3bf38891af3caf4aab91511c_00.dat,0.0096,0.0847,0.0943,94.28
03001627_e767b27d6625f905e9af7c2087a87b0e_00.dat,0.0094,0.0879,0.0972,97.21
04379243_e026b4997f7d037c39d3717288022c20_00.dat,0.0087,0.0877,0.0964,96.41
03636649_eb1c735af1339e294b3c42e318f3affc_00.dat,0.0099,0.0834,0.0932,93.24
02958343_f689884daef74102179b497eb9b2101f_00.dat,0.0084,0.0900,0.0984,98.37
02958343_f619386a770a06dc2f732d6dce34e9b3_00.dat,0.0096,0.0858,0.0954,95.39
02958343_cd85df142f1999e5f38ed4497f2c53c_00.dat,0.0082,0.0800,0.0883,88.27
03691459_fd11b075bb1df4b01f1c09aefb59ebea_00.dat,0.0086,0.0876,0.0962,96.16
03691459_de68b68a234de1a0ea2f8efb8b3faa3_00.dat,0.0089,0.0891,0.0980,98.04
03001627_d8edf163d5f87b055369e32fb818f337_00.dat,0.0115,0.0933,0.1048,104.81
04379243_ecfb5ad31b6e40b72b70eac6546e93fd_00.dat,0.0090,0.0863,0.0953,95.31
02691156_e3c26c3920b93f36eb7fefaef8eada2b_00.dat,0.0106,0.0848,0.0954,95.43
02691156_e5a7a353d5fa8df844b2fa2cac0778f5_00.dat,0.0090,0.0880,0.0971,97.08
04379243_f6e56ad2fe9e6c30253be0083bb3c718_00.dat,0.0083,0.0900,0.0983,98.33
03691459_d1274fdcd4f8a611fe10244ee697dc96_00.dat,0.0089,0.0894,0.0983,98.27
02958343_cedc65050061eae4fcbb9323f0bad63d_00.dat,0.0091,0.0818,0.0910,90.96
04379243_ce4e075487aa05ecdcfcef693e7ec696_00.dat,0.0098,0.0864,0.0962,96.19
02691156_e9b29777e840e1fb63737f7c5d9fc39b_00.dat,0.0095,0.0833,0.0928,92.82
02691156_f5cc091bacb338c6951971f8370d9050_00.dat,0.0086,0.0916,0.1002,100.20
02691156_f214cf57d5d5634960e1e93111ad3e76_00.dat,0.0097,0.0833,0.0930,93.01
03001627_e84b5bbe91e0636cb21bc3cf138f79e_00.dat,0.0095,0.0840,0.0935,93.46
02691156_ed35478403ae873943cf31d2bcc8f4_00.dat,0.0092,0.0821,0.0912,91.24
04379243_fead7e0c30a347b1710801cae5dc529_00.dat,0.0094,0.0838,0.0932,93.22
02691156_d940f33afc01ff036da97d9f744f7e97_00.dat,0.0088,0.0836,0.0924,92.42
04379243_dd2c3ff28a34556a47839bae1bc65257_00.dat,0.0093,0.0824,0.0917,91.68
03691459_d9b205873345a9b35234ceed4dc815_00.dat,0.0093,0.0856,0.0950,94.96
02958343_de0cbca344b9de834f36122a581b2941_00.dat,0.0093,0.0795,0.0888,88.79
02958343_cd5223d35c9cf611ea7efa739175072_00.dat,0.0087,0.0870,0.0957,95.70
04379243_da9ff1881e8d59847d76632660780a8c_00.dat,0.0094,0.0876,0.0970,97.00
03001627_cf662e6564c5c3c5ce60514f9a637ce_00.dat,0.0093,0.0834,0.0927,92.75
02958343_d5d47fe322179a83473f10e6caaeca56_00.dat,0.0083,0.0846,0.0929,92.93
03691459_ee2d8d72b555df84ad5d27efc990ebb2_00.dat,0.0090,0.0820,0.0910,90.98
04379243_d799cc222f34fc0879bb09dc5605a57_00.dat,0.0104,0.0844,0.0948,94.82
02691156_d5ad529ad399086e4e9a6f7cd468e49d_00.dat,0.0088,0.0846,0.0934,93.40
02691156_e27229a5f83b0ac96ece6611a5309fa2_00.dat,0.0088,0.0821,0.0909,90.90
02958343_eee2c0e2912f27b15a49026b22f63b06_00.dat,0.0098,0.0826,0.0924,92.40
04379243_ffc75a8bdb88c751b7fbcb21c074906c_00.dat,0.0090,0.0836,0.0927,92.65
02691156_d5e01850a9d1f3ac5fb48d488d5dfafd_00.dat,0.0088,0.0842,0.0930,92.96
03001627_ff969b22a8de5eac30e06a011e63236a_00.dat,0.0092,0.0812,0.0904,90.38
03636649_da09a8c73054e9220ca3aeb14e36a45_00.dat,0.0084,0.0841,0.0925,92.53
03636649_e685cd3f7a980812e94026ea66f4d4bb_00.dat,0.0084,0.0822,0.0906,90.60
03001627_fdd7090f3ca12395a7ae19ac44244eae_00.dat,0.0092,0.0805,0.0897,89.73
03636649_fa9dc903c8324b85e3d605ae370b7c5c_00.dat,0.0093,0.0817,0.0910,91.02
03691459_f2e521a8d08e2a2f20363e2561dd589a_00.dat,0.0084,0.0841,0.0925,92.55
04379243_dca821b9d2fed090f51f77a6d7299806_00.dat,0.0085,0.0840,0.0925,92.47
03001627_d9a1f2e7290cd2c3baab0c7159046dc4_00.dat,0.0093,0.0835,0.0928,92.78
02958343_d4a9b69ee909f6f84fa20c487758ba8c_00.dat,0.0092,0.0819,0.0911,91.10
02958343_fe3dc721f5026196d61b6a34f3fd808c_00.dat,0.0085,0.0820,0.0905,90.48
03636649_ef9e0709f535c549b3914c1351b16c4d_00.dat,0.0085,0.0839,0.0924,92.39
03691459_fa98563736440326ce1db673cf70420f_00.dat,0.0088,0.0810,0.0897,89.74
04379243_d5c3aa73e043303b7ff6ace05b36a5_00.dat,0.0086,0.0836,0.0922,92.22
03691459_d8ce373c4ad4e6913caae5373ff4181f_00.dat,0.0087,0.0854,0.0941,94.09
03636649_df908dc58159c82b1b3ffe2c05ec7aca_00.dat,0.0095,0.0829,0.0923,92.34
03001627_d46e16509b1c91b3933dc172307a6bb9_00.dat,0.0086,0.0823,0.0909,90.90
03636649_f274cbff23bda61a85024815e816c655_00.dat,0.0091,0.0834,0.0924,92.43
03691459_cf7a2cb0c487f3a0bd1cba733b111584_00.dat,0.0084,0.0842,0.0927,92.65
03691459_e6e7c3e1b887d2a1751b29c8fc6f20c_00.dat,0.0089,0.0851,0.0940,93.99
02691156_ff28d340bf0b5d9387b2a887422ab97_00.dat,0.0088,0.0838,0.0925,92.53
02958343_f1dd07a9a66b86bd2350421a9405ba_00.dat,0.0092,0.0860,0.0952,95.18
02958343_dda10fc985eea0868c368040825ed335_00.dat,0.0087,0.0818,0.0905,90.51
02691156_e8d5a3e98c222583d972c9dd75ed77d4_00.dat,0.0084,0.0798,0.0883,88.28
03636649_d16bb6b2f26084556acbef8d3bef8f28_00.dat,0.0091,0.0828,0.0919,91.87
03691459_f7366c0025b2eaabf5fb60584950565b_00.dat,0.0086,0.0819,0.0904,90.44
03636649_e2343ffc39e5f4bf85a18a4e86f89dc9_00.dat,0.0093,0.0832,0.0924,92.43
03691459_fe613d2a63582e126e5a8ef1ff6470a3_00.dat,0.0083,0.0815,0.0898,89.80
03691459_e7af5657b90b9a73558880eed6ddb84a_00.dat,0.0093,0.0830,0.0923,92.26
03691459_e1b3bb54b9855f12d88a3e0e92891ad5_00.dat,0.0090,0.0845,0.0935,93.50
02691156_fe00bf68a2cd32b6dd455eb19d4d269e_00.dat,0.0082,0.0855,0.0936,93.63
03691459_cf42a073500a1a222a9eb0f146e94477_00.dat,0.0085,0.0832,0.0917,91.72
03636649_d543465b35604aae1735ea0e092a805a_00.dat,0.0083,0.0840,0.0923,92.32
02958343_f48659c519f422132d54e7222448a731_00.dat,0.0085,0.0852,0.0937,93.71
02691156_ea527508bb74f476f64801ad2940cdd5_00.dat,0.0096,0.0825,0.0920,92.05
02691156_efbf3d4c8877e7dc7ce8c809505eca2f_00.dat,0.0082,0.0835,0.0917,91.73
02691156_f0b22be59432dc8bca8607f540cc62ba_00.dat,0.0087,0.0854,0.0942,94.18
03001627_e0df9f745fe38b389bac1502ed0eb150_00.dat,0.0086,0.0798,0.0884,88.38
03001627_f1787517791764e74b3c42e318f3affc_00.dat,0.0088,0.0815,0.0903,90.28
03636649_edce64335e42ac2f58452382da1a79f3_00.dat,0.0084,0.0808,0.0892,89.23
03691459_ff9590ccc2613d6c332d76467c18dfde_00.dat,0.0095,0.0833,0.0927,92.75
03691459_f0629a8139a9ba04f398d0c5832df00e_00.dat,0.0090,0.0821,0.0911,91.13
03636649_e5fa327c14553b11e589b08489d157d_00.dat,0.0087,0.0811,0.0898,89.78
03691459_f289aadb7cdf59daa62fb160d742c45_00.dat,0.0084,0.0842,0.0925,92.55
03691459_cc6ebcef8d2e674690146e2a0489a257_00.dat,0.0092,0.0809,0.0900,90.02
02958343_dce6f59b6ab987d4bc863bdef4e7bdac_00.dat,0.0089,0.0826,0.0915,91.53
04379243_e14e867c0cfbf1f42cef66bb37b0cc33_00.dat,0.0098,0.0839,0.0936,93.64
03636649_fbb4a4faa8f2faedd661ff085a0f14b7_00.dat,0.0083,0.0824,0.0907,90.72
02691156_e53547a01129eef87eda1e12bd28fb7_00.dat,0.0099,0.0843,0.0943,94.29
04379243_d6ef0aa7b674c171fb4f26e87f6a6814_00.dat,0.0088,0.0842,0.0930,93.04
02691156_f4a5b28233523a4e588ed1d0f708d42f_00.dat,0.0085,0.0801,0.0886,88.61
02958343_e204a8debddfe892cf6133aaa55cd0a8_00.dat,0.0088,0.0823,0.0911,91.11
02958343_f6938403b22b3d4ded3696d854eee1ec_00.dat,0.0084,0.0810,0.0894,89.45
02691156_dacb447d7820e7f7ca8607f540cc62ba_00.dat,0.0101,0.0816,0.0916,91.65
03636649_eca8e4d9645271fa37b2bb75885cfc44_00.dat,0.0085,0.0845,0.0930,92.99
02691156_e41c5719ad09055f1b880c747ee1f83_00.dat,0.0083,0.0826,0.0909,90.92
03636649_f2f6fbeacda7cbecfcb8d8c6d4df8143_00.dat,0.0094,0.0852,0.0946,94.58
03691459_ef71576ad5262c4ef398d0c5832df00e_00.dat,0.0090,0.0808,0.0898,89.81
03691459_f5c62c89e8fbb245ce6c2bd14b4c7ba4_00.dat,0.0089,0.0842,0.0931,93.10
03691459_fbcef568b50216e3e180a1a604561d3b_00.dat,0.0086,0.0855,0.0941,94.11
02958343_f47648505dd90beb2b89278194465422_00.dat,0.0088,0.0817,0.0905,90.48
03691459_fe13f67712bc5e4a1b02cde7e81f0fc3_00.dat,0.0086,0.0836,0.0921,92.15
03691459_f4290921bda21901caf9cf929ed6f71c_00.dat,0.0090,0.0815,0.0905,90.48
04379243_ed2d7f09d80ec3a259577d199a67fd7_00.dat,0.0087,0.0841,0.0928,92.83
04379243_d08ea9c1e5b9c2687bcae7a654cc37_00.dat,0.0084,0.0831,0.0915,91.50
04379243_e38b1f4d210fb038c97f93e2910df644_00.dat,0.0083,0.0837,0.0920,92.01
03636649_d97a86cea650ae0baf5b49ad7809302_00.dat,0.0086,0.0815,0.0901,90.06
03691459_ea95cdbe8f4114107354c46aadb2b2fd_00.dat,0.0093,0.0809,0.0902,90.19
03636649_f40624156dcbab68620a56d13e6d773b_00.dat,0.0083,0.0811,0.0894,89.44
03636649_f6425a421a497aad6cc679ef84e06ad6_00.dat,0.0087,0.0859,0.0946,94.59
02691156_d3856a35d1fb8536d8e727806889c9b0_00.dat,0.0086,0.0831,0.0917,91.70
02958343_e24c3371a746c198780918fc1f22fb25_00.dat,0.0086,0.0841,0.0927,92.65
02958343_dc8765720d8d3828b3cf5236f651a8e6_00.dat,0.0087,0.0846,0.0933,93.30
02691156_f986604528abe35554eefcdc602d4520_00.dat,0.0082,0.0845,0.0927,92.67
02691156_fbe213adb802384db443c685f436f80e_00.dat,0.0085,0.0813,0.0898,89.80
03691459_e767a0e8df4e41f4b3b44ad99a214777_00.dat,0.0096,0.0820,0.0916,91.59
02691156_d984822941e7a768c231d70e1e0cc567_00.dat,0.0085,0.0803,0.0888,88.84
03636649_d3380ee3db68aefb3f214ef9c53ac06_00.dat,0.0093,0.0837,0.0930,93.04
02958343_e01c7318c6b11647faeea7738551d104_00.dat,0.0087,0.0843,0.0930,93.05
02958343_e366113f8182a1f07d78cc65dbe486c0_00.dat,0.0090,0.0842,0.0932,93.20
02691156_da7354a90e6596e6139336f03eb955d2_00.dat,0.0092,0.0841,0.0933,93.30
04379243_f31398b4a1f8562f9297752c3edd590_00.dat,0.0088,0.0849,0.0937,93.74
03636649_e293003f297e155624d1b7c6bfe44fcc_00.dat,0.0084,0.0858,0.0942,94.17
02958343_f36e62667b59604b8d4dd801ae3ebcd1_00.dat,0.0084,0.0807,0.0891,89.14
04379243_f7a0f1e7e03fba8c9628f611995a13ab_00.dat,0.0088,0.0801,0.0889,88.94
02691156_e033b6ad34586a86cc1c9e8218bfe7fc_00.dat,0.0094,0.0830,0.0923,92.32
03636649_d4498a4ba89b9a0d4a73e364671ba824_00.dat,0.0096,0.0824,0.0920,91.96
03691459_f57c5e8f460e659f395ea88528a634f_00.dat,0.0083,0.0824,0.0907,90.74
03691459_f9a615ecebfe7ae1b27175774c9e33e9_00.dat,0.0098,0.0815,0.0912,91.21
03001627_fc4d15c15c56aa7baab4888e25356418_00.dat,0.0084,0.0852,0.0936,93.58
04379243_e2a2fe3713803e9e04e2b29e7a72f7_00.dat,0.0087,0.0861,0.0948,94.81
03691459_fd4b2e3a6caf4706a817854e3b5b5439_00.dat,0.0086,0.0849,0.0935,93.50
02691156_e85cd06b4a14d3ffbc0909d98a1ff2b4_00.dat,0.0092,0.0808,0.0900,90.02
04379243_d819fc4d86af592f7394c9d8807c7bdd_00.dat,0.0087,0.0820,0.0908,90.75
02691156_d9d282f79262ebd4c3a35cee92bb95b_00.dat,0.0083,0.0835,0.0918,91.76
03636649_f77abf171ff5968720331d4c3b7d944e_00.dat,0.0084,0.0806,0.0890,89.03
02691156_f9a8c5ae39362284d538ebc793e748b2_00.dat,0.0089,0.0825,0.0914,91.39
03001627_f891816329ecee93774476b2e205b9b7_00.dat,0.0083,0.0854,0.0937,93.70
03636649_d385523f0cd93d48d6084fb53091249_00.dat,0.0091,0.0863,0.0954,95.40
02958343_e4d52a1ed8a5fd5d2028f7faa8f66469_00.dat,0.0083,0.0825,0.0908,90.84
02691156_f0e7808ee55510be1a7dd57f67482196_00.dat,0.0095,0.0835,0.0930,93.01
03691459_e8ffa936875c7b3a7ffffd2e0fcbbf0a_00.dat,0.0084,0.0859,0.0943,94.30
03001627_f2ef238e2e4615e92cf8e80367b40c9a_00.dat,0.0091,0.0817,0.0908,90.80
02958343_fca073c5911995fce2c7676194911e11_00.dat,0.0087,0.0809,0.0897,89.67
02958343_d8f813278a49463db203f960004c7382_00.dat,0.0080,0.0844,0.0924,92.43
03001627_e279758e8a5b6a8d492d9da2668ec34c_00.dat,0.0088,0.0835,0.0923,92.31
03691459_fa6e17f7f928e8a44b2f94f4017fbbbb_00.dat,0.0091,0.0844,0.0935,93.52
04379243_fe5e1df0653804d6ce4670b160b81e9_00.dat,0.0085,0.0824,0.0908,90.82
03691459_f1175bec19adeadde188dff443a0c2ac_00.dat,0.0085,0.0855,0.0940,93.97
02691156_d390f0246fd43cc8bd46d022fd7d80aa_00.dat,0.0084,0.0859,0.0943,94.28
03636649_ea5ae3cfd142c3b923f93f957094a824_00.dat,0.0091,0.0814,0.0905,90.53
03001627_fdd21f7f2ca9f0bcbdcbca499b446e89_00.dat,0.0086,0.0845,0.0931,93.10
02958343_d8e27b2b10e2a87c45b2d64b440991ad_00.dat,0.0084,0.0801,0.0884,88.45
03636649_d52bcf6a2c75ced5fcb8d8c6d4df8143_00.dat,0.0083,0.0846,0.0929,92.87
03001627_e9ccf4cc84c085f8c785f06f424b9d06_00.dat,0.0089,0.0869,0.0959,95.87
02691156_fe0eb72a9fb21dd62b600da24e0965_00.dat,0.0086,0.0831,0.0917,91.69
03691459_f5024636f3514eb51d0662c550f8f994_00.dat,0.0085,0.0835,0.0920,92.00
03691459_ef720d2b2de59184e775d184845c9f5f_00.dat,0.0102,0.0827,0.0929,92.88
03691459_cf45708ed1ed436970f2559ee6f59e37_00.dat,0.0090,0.0846,0.0936,93.65
03636649_e94643bd9c777491d49b2e04785f8492_00.dat,0.0090,0.0840,0.0930,93.03
03636649_e4e93d5bfcfac3d72518f0b5d8933d6f_00.dat,0.0094,0.0839,0.0933,93.31
03636649_dda91a2215130be16035905876bb696_00.dat,0.0087,0.0855,0.0943,94.26
03001627_f4db2e2e90e83c759b9f2eb77f5e247e_00.dat,0.0085,0.0833,0.0918,91.84
03636649_dfe800d8d8642e9647bc3701b998a7d5_00.dat,0.0090,0.0840,0.0930,93.00
04379243_f9ac7801460434b271140e10b6211a6a_00.dat,0.0088,0.0841,0.0928,92.84
02691156_de45798ef57fe2d131b4f9e586a6d334_00.dat,0.0089,0.0821,0.0910,91.03
02691156_de519752147a225032387cdb9b2a84d5_00.dat,0.0087,0.0817,0.0903,90.34
04379243_e36e90c1db6bf1d5470412e9b69c8933_00.dat,0.0086,0.0836,0.0921,92.14
04379243_e74841627e110e98d9de0de5dc66ab1_00.dat,0.0094,0.0810,0.0904,90.37
02958343_f6fc9ea6714db4b787dc1da2515df8f7_00.dat,0.0080,0.0846,0.0925,92.52
03691459_fe4ed2d72cc79c74b59e9758ae7f41a7_00.dat,0.0093,0.0829,0.0923,92.26
03001627_fc131dfba15fafb2fdeed357dfbe708a_00.dat,0.0087,0.0838,0.0925,92.52
03691459_dbb3db217511d9cbfb906a2c84fd375f_00.dat,0.0099,0.0832,0.0930,93.01
03001627_d04d854533d618fbfebad4f49b26ec52_00.dat,0.0094,0.0830,0.0924,92.39
03691459_fae47d104b9111aafd949ebbd292d47_00.dat,0.0084,0.0822,0.0907,90.67
02691156_e380f6fa720e1c15560a4691498bd2fc_00.dat,0.0086,0.0833,0.0919,91.92
04379243_fc95d34ab1afb92b9118eee0b123125f_00.dat,0.0085,0.0824,0.0908,90.84
03001627_d0d786244fc2d7a9ecf03af5e7a1277b_00.dat,0.0086,0.0842,0.0927,92.75
03691459_f6958e13ea65bd521b45df3fb820c9cc_00.dat,0.0093,0.0819,0.0912,91.21
04379243_f9f122b492c3f1273084c5a9cbef5cd_00.dat,0.0087,0.0829,0.0916,91.58
03691459_f4ecacfd4fd61afceb34db531a289b8e_00.dat,0.0092,0.0813,0.0905,90.47
04379243_f708d5284928431355ce350c1c834503_00.dat,0.0097,0.0827,0.0924,92.41
04379243_e7abcb9f3d5876962b70eac6546e93fd_00.dat,0.0087,0.0823,0.0909,90.92
03001627_fb5ba735ef95fe417ca68e217a316e15_00.dat,0.0091,0.0862,0.0953,95.29
02958343_ddaac4ca85ba61239bbe806a4e34e034_00.dat,0.0103,0.0819,0.0922,92.17
04379243_e9a68d0ad5177d24ba5342d638d0c267_00.dat,0.0085,0.0839,0.0924,92.40
03636649_d526a340408764d8ec0f2eef0b7e551e_00.dat,0.0092,0.0820,0.0913,91.28
02958343_cbeb8998de880db684479d4c559a58d2_00.dat,0.0086,0.0804,0.0890,88.98
03691459_e75c0fb00d2b70ef1aadbcf355bd688f_00.dat,0.0088,0.0840,0.0927,92.74
03691459_f529e7d74d5ec3d9a1bb636e72c59b32_00.dat,0.0093,0.0845,0.0938,93.84
04379243_faa05897ccdaa0e4f51f77a6d7299806_00.dat,0.0090,0.0844,0.0934,93.38
03691459_cf85a8c74cb76caf1574d21c0c95092f_00.dat,0.0088,0.0831,0.0920,91.98
03636649_fa853b92d9a5cb66168e1d639d85c126_00.dat,0.0083,0.0846,0.0929,92.88
04379243_e588e603f5d0e366490ad276cd2af3a4_00.dat,0.0086,0.0818,0.0904,90.41
04379243_f294a34bf1c9ebb7f12d7184a2ad3430_00.dat,0.0089,0.0801,0.0890,89.04
02691156_d708c311bcd60e61c9ac656f0c2edc4b_00.dat,0.0087,0.0824,0.0911,91.08
03691459_fff40d102ca88fdb52648dc23b25b1d_00.dat,0.0092,0.0829,0.0921,92.15
02958343_f34c03711c3fc44ac10e9d4ee4bae4f4_00.dat,0.0094,0.0830,0.0924,92.39
03001627_d490f77bed3bded5af7c7ad2549a1b15_00.dat,0.0085,0.0826,0.0911,91.07
03001627_d18f361e22f7626b707cdefe012d0353_00.dat,0.0088,0.0806,0.0894,89.37
04379243_ec59bd4b5288991e9bb952e15a37e248_00.dat,0.0083,0.0824,0.0907,90.69
03001627_d29c14f180ce319f71271c0017c27c86_00.dat,0.0090,0.0840,0.0930,93.01
04379243_e1c190513b084f4c4804b5831b58a04d_00.dat,0.0100,0.0840,0.0940,94.03
04379243_fba0f822f16932aa10566a0096ed09d_00.dat,0.0097,0.0839,0.0936,93.57
02958343_e75dcc7eb0a60728becf71e2e014ff6f_00.dat,0.0094,0.0849,0.0944,94.39
03001627_eb89f3b0af31bf40a97cde0b3996ce62_00.dat,0.0086,0.0839,0.0925,92.51
03691459_d088d0b4cbf1d8447b041fd2144f3532_00.dat,0.0094,0.0819,0.0913,91.27
02958343_d01aa42aaf973be5f200a72c9245aee7_00.dat,0.0089,0.0861,0.0949,94.94
02691156_eb60d49fd5cdb809e6a2524c335c48f9_00.dat,0.0093,0.0805,0.0898,89.79
03001627_e6408c4be8e6502837a346dba83c013b_00.dat,0.0093,0.0839,0.0932,93.19
02691156_d30689ca6cdf2601f551b6c3f174499e_00.dat,0.0084,0.0856,0.0941,94.08
03691459_d8f6aaa777f0cd4f5a31d91ec836a511_00.dat,0.0090,0.0812,0.0902,90.18
03636649_d60a54564aa1856fb18d6f615cb18bdd_00.dat,0.0085,0.0852,0.0938,93.77
03636649_e8e2c055f8ea53a144638317e9e4ff18_00.dat,0.0083,0.0826,0.0909,90.93
02958343_ee1d28a50a2b71e129348d14ca881f7d_00.dat,0.0088,0.0847,0.0936,93.57
03001627_d5e1c6d3e6ce16ca8f5bf896c08c419f_00.dat,0.0090,0.0839,0.0929,92.88
02691156_d4849eddcd93569ac119f94203b4868c_00.dat,0.0086,0.0804,0.0890,89.02
03636649_f835c863f175df72fcb8d8c6d4df8143_00.dat,0.0087,0.0848,0.0935,93.53
03636649_dde3b4bb9fb1ad25e0d089cf3411494c_00.dat,0.0085,0.0844,0.0929,92.94
04379243_d157a0598ef5c33416e09341cb9bfb7_00.dat,0.0089,0.0801,0.0890,89.00
02958343_f9d569cab438b65266751c4836bbc1b3_00.dat,0.0086,0.0828,0.0914,91.41
02958343_d967be366b99ac00bac978d4dc005d3_00.dat,0.0087,0.0815,0.0901,90.15
02691156_da26509e7d1864a162b600da24e0965_00.dat,0.0082,0.0846,0.0928,92.76
02958343_fccb58285e854d87775cb3ac197f5bcd_00.dat,0.0083,0.0815,0.0898,89.82
03636649_f018f4d78d295ef3a78d991d8e8834d0_00.dat,0.0086,0.0870,0.0956,95.59
04379243_f1252c297d7ad9a47c51ec7d2716b33d_00.dat,0.0091,0.0834,0.0924,92.45
03636649_dfd06ea82f5a5b324aeb986669a16017_00.dat,0.0094,0.0817,0.0911,91.09
02691156_eaa0d465e9d0c16acfbf0f1430c86945_00.dat,0.0086,0.0845,0.0931,93.12
03636649_e93f10a58e0da99bb2920cf5c60c4da3_00.dat,0.0086,0.0848,0.0934,93.41
03001627_eb29a065b495dffc85528d560ddea455_00.dat,0.0086,0.0826,0.0912,91.22
02691156_ecd19c1f74064962c6603e997b54421a_00.dat,0.0082,0.0816,0.0897,89.74
04379243_ce1c3321de30433b16ec4c6284dcbcbe_00.dat,0.0089,0.0835,0.0925,92.45
03001627_f2934658407472a92ce025aebfea84a4_00.dat,0.0085,0.0832,0.0918,91.77
03636649_dac3843c8f77b34362a510b8f97c658e_00.dat,0.0085,0.0862,0.0947,94.68
03691459_e7560ac665c6fedc7d54ddaedba43004_00.dat,0.0085,0.0810,0.0895,89.48
02691156_d31a0f4f945775de5823df672991ed66_00.dat,0.0087,0.0826,0.0912,91.25
03001627_db86d16a95437f3898cfd47a860803c5_00.dat,0.0084,0.0813,0.0897,89.71
03636649_d8a5c77da4c92921f7258dec1a592c96_00.dat,0.0087,0.0832,0.0920,91.96
03691459_d12ec06509389e01574d21c0c95092f_00.dat,0.0088,0.0824,0.0912,91.15
02958343_f5474030b9956ba078a20fe14185667_00.dat,0.0096,0.0816,0.0912,91.24
02691156_feb0bd0dcd155af4cc34b900bb2492e_00.dat,0.0084,0.0826,0.0911,91.08
02691156_e899c19c87245ac94c3a35cee92bb95b_00.dat,0.0091,0.0816,0.0907,90.66
02958343_d09abaf885df3be0616d27151166e25f_00.dat,0.0084,0.0827,0.0911,91.12
03636649_d83fc71f3978130e335fe03ac3704320_00.dat,0.0087,0.0846,0.0933,93.28
02958343_cf4c819d9deb6533108499aad0a89b28_00.dat,0.0086,0.0824,0.0909,90.91
02958343_f2d59ef6fd8c5914c4693958b3d0ba07_00.dat,0.0084,0.0811,0.0894,89.45
03001627_cd939609247df917d9d3572bbd9cf789_00.dat,0.0084,0.0857,0.0941,94.09
02958343_f98296894b01650033529abacbef3013_00.dat,0.0089,0.0872,0.0962,96.19
03691459_e47b83b94a1956ad7a16fcc398700938_00.dat,0.0091,0.0818,0.0908,90.84
03636649_f6a7d85ccca5e5e34a6ecce2eeb45768_00.dat,0.0088,0.0841,0.0929,92.89
04379243_f21154a95d49ca29e6c5cd45aa112726_00.dat,0.0084,0.0843,0.0928,92.75
02691156_dd65065e6e2d31d62e350437b1fc5163_00.dat,0.0086,0.0838,0.0924,92.40
02958343_f7ef98cae9f1073f21a66e8dfcce514a_00.dat,0.0084,0.0833,0.0917,91.66
03691459_fc6066741f5b60e5280e0c1e89a63998_00.dat,0.0091,0.0824,0.0915,91.49
03636649_da64c56e36024add5b903ba10d2ec446_00.dat,0.0087,0.0829,0.0917,91.67
03001627_f5b08ab02727922b738dd0d3509c7e47_00.dat,0.0085,0.0848,0.0934,93.36
03001627_f1167a0c4bfc1f3fcf004563556ddb36_00.dat,0.0085,0.0832,0.0916,91.63
03691459_ebe84e8ccc8b5f3fa817854e3b5b5439_00.dat,0.0088,0.0853,0.0941,94.07
02958343_dcfdb673231b64ea413908c0e169330_00.dat,0.0090,0.0819,0.0910,90.95
03691459_e7588cbebdae5863629c8a4be6c1e509_00.dat,0.0093,0.0822,0.0915,91.53
03691459_d5bca27bf05ac5c92e8dbf40bb4c181d_00.dat,0.0086,0.0828,0.0914,91.37
03636649_ec639d4850ba9aa6fcb8d8c6d4df8143_00.dat,0.0095,0.0818,0.0912,91.24
03001627_fa041b0276dcaaaf98e0d1738edd4f19_00.dat,0.0085,0.0820,0.0904,90.44
02691156_fff513f407e00e85a9ced22d91ad7027_00.dat,0.0083,0.0846,0.0929,92.90
03001627_fa89a0401873e5a6bbc7a6acbd8f058b_00.dat,0.0086,0.0829,0.0915,91.48
02958343_dae251313dbc0aed51894d116f1c652_00.dat,0.0090,0.0820,0.0910,91.01
03691459_eb2545337b85fb987695b38431695f3_00.dat,0.0083,0.0832,0.0915,91.49
04379243_cda580f16378e12c3002761e7a3ba3bd_00.dat,0.0093,0.0820,0.0913,91.30
03636649_d190d56a1e6213e420ebca9c2a65e97d_00.dat,0.0092,0.0830,0.0922,92.20
03636649_ef45c648fe3b0dde8449e0b8dd14796b_00.dat,0.0088,0.0869,0.0957,95.68
04379243_db2d4f781756e687d8864caa856253b_00.dat,0.0093,0.0844,0.0937,93.74
03691459_f2a13a030a8153d9133aca0b3ca7f0a8_00.dat,0.0084,0.0863,0.0947,94.73
02958343_da59928c982bc34a2a9eb0f146e94477_00.dat,0.0096,0.0825,0.0921,92.10
02691156_fc9f6bc1ba1cb7c1c3fe7930fce05ded_00.dat,0.0099,0.0850,0.0949,94.91
03001627_ec00ee8e8345be7a852028c7654a8ec8_00.dat,0.0092,0.0816,0.0908,90.76
03001627_ccf29f02bfc1ba51a9ebe4a5a40bc728_00.dat,0.0088,0.0871,0.0958,95.85
02691156_d24e6c81b5261fe5ca2bd098b9203af_00.dat,0.0091,0.0814,0.0906,90.57
03636649_d90639e69c82f864eb2d9895648d1206_00.dat,0.0084,0.0831,0.0915,91.52
04379243_d722d42dd739e2a35e0bc0e32d71e297_00.dat,0.0083,0.0835,0.0918,91.80
02958343_e40b027b68ff767d76ad064d1c5fdd7c_00.dat,0.0087,0.0812,0.0899,89.86
03691459_f2eb4b53ea11200cfb10a282776be584_00.dat,0.0086,0.0840,0.0926,92.63
03001627_d97c5945e9449a58737e4e0df09d751_00.dat,0.0093,0.0827,0.0920,92.02
04379243_d0b6fa6b908473b05213cec267286d18_00.dat,0.0087,0.0822,0.0909,90.87
02958343_e6a8097a96033478ad7a333c976ac8f1_00.dat,0.0082,0.0818,0.0900,90.03
02691156_e841e17e3256acf38699933784576e73_00.dat,0.0090,0.0818,0.0908,90.80
03001627_ee665ce6679ac8cfb502ac2eb9128f9a_00.dat,0.0085,0.0846,0.0931,93.07
03691459_e40e7c3dea88a733eb15975241f6a53c_00.dat,0.0086,0.0848,0.0934,93.42
03691459_dbe86be505750b8d9c92e8251d55352d_00.dat,0.0086,0.0820,0.0906,90.59
02958343_e577fe5a762d63d7b9d0f0bb768a782e_00.dat,0.0089,0.0838,0.0926,92.64
03001627_fca55be264355b1ac30ba10ebbf8ea21_00.dat,0.0094,0.0827,0.0921,92.05
03001627_e431c68fbfdf826d561dbc0c83a98a32_00.dat,0.0087,0.0847,0.0934,93.43
03001627_f00c1688bd33aae28cbb8bac2032149c_00.dat,0.0084,0.0852,0.0937,93.68
03691459_f996317de417329b1574d21c0c95092f_00.dat,0.0096,0.0839,0.0935,93.52
03636649_d357edb3b9ae47f230f6e0ede20c4525_00.dat,0.0094,0.0804,0.0898,89.81
03001627_d1436d73b3060f2ffd6176b35397ccd5_00.dat,0.0093,0.0831,0.0924,92.45
03636649_f72efa4574100c12a8930422448288ea_00.dat,0.0092,0.0817,0.0909,90.93
02958343_fe137fed7437f694cae3f94a454fd99b_00.dat,0.0084,0.0817,0.0900,90.01
03636649_f049bbd180d89cb5490ad276cd2af3a4_00.dat,0.0091,0.0824,0.0914,91.44
03636649_ddeb5d944c128f78b0957d845ac33749_00.dat,0.0087,0.0804,0.0891,89.10
03001627_e6e00a7324357c7dbec105fec16416d7_00.dat,0.0094,0.0851,0.0944,94.43
02691156_ebf8011ea1f4b4190b1d6deb98feec6_00.dat,0.0087,0.0849,0.0936,93.56
03691459_f37f4ef72fd0204d839a84b4ae4862d3_00.dat,0.0086,0.0813,0.0898,89.82
03001627_f5d8dd0309401ebac47a35332c17cce2_00.dat,0.0083,0.0819,0.0902,90.17
02958343_ec07cd8db8f2bea851f021b9ed69c58_00.dat,0.0086,0.0812,0.0897,89.73
03636649_dce4bd10d499b2f24b3c42e318f3affc_00.dat,0.0086,0.0809,0.0895,89.52
04379243_fb2191ec35ad66da30bbd4cddd04c77b_00.dat,0.0088,0.0820,0.0908,90.78
02691156_e88ce288726375ff87bf26680c510802_00.dat,0.0088,0.0834,0.0922,92.17
02958343_fe61764c0552c837d76439fb95cdd2ed_00.dat,0.0092,0.0815,0.0907,90.70
03001627_ef1152b1660592d413f0924ccc9628e5_00.dat,0.0091,0.0824,0.0915,91.50
02958343_dec396fa569fbd20618e9d35559b7aa_00.dat,0.0094,0.0827,0.0921,92.06
03636649_d36d4552fe1290ee90c2e24416edfe5b_00.dat,0.0084,0.0844,0.0928,92.83
03691459_cb356bbfb74abea2c6573f6ede3fd543_00.dat,0.0088,0.0818,0.0907,90.66
04379243_e448e3e40395d4d679414e04132a8bef_00.dat,0.0094,0.0812,0.0906,90.57
04379243_d236d890ebc96f9ddaeb6f944439aef2_00.dat,0.0090,0.0827,0.0917,91.71
02691156_fb62efc64c58d1e5e0d07a8ce78b9182_00.dat,0.0083,0.0819,0.0902,90.21
03691459_ca052c8db0c94fd345189af3887d3c51_00.dat,0.0091,0.0814,0.0905,90.52
02958343_db86af2f9e7669559ea4d0696ca601de_00.dat,0.0086,0.0852,0.0938,93.79
02958343_cdd58286e3e428ec1fabf3cbd0fc77bc_00.dat,0.0086,0.0827,0.0913,91.32
02958343_d6def3a1a90ff22bbecf71e2e014ff6f_00.dat,0.0093,0.0815,0.0908,90.78
03691459_f046081ff90ebb6dce029fab54b6cfbd_00.dat,0.0086,0.0821,0.0907,90.71
03691459_dd6a03f9fdc339c6538cf6df9faa9b65_00.dat,0.0090,0.0852,0.0942,94.19
03691459_d922dd8309247d10ef94793a67b4c5c0_00.dat,0.0092,0.0820,0.0911,91.13
04379243_f5de3fdb7c073f48dbbc9440457e303e_00.dat,0.0086,0.0833,0.0919,91.86
04379243_cd91028b64fbfac2733464f54a85f798_00.dat,0.0083,0.0843,0.0926,92.57
02691156_fc44636ad5fd9754927b6179bcc6e892_00.dat,0.0093,0.0812,0.0905,90.47
03691459_ccd635e4cdca96e33b6e05aed261d1e8_00.dat,0.0085,0.0825,0.0910,90.98
03001627_d2304054a8dc7ea4febad4f49b26ec52_00.dat,0.0096,0.0835,0.0931,93.05
02958343_da1219003ad3d14abecf71e2e014ff6f_00.dat,0.0086,0.0873,0.0958,95.84
04379243_fb32e9a7a8c2dfad74eb542502c2205f_00.dat,0.0093,0.0816,0.0909,90.86
03001627_d274fc14092387c1e17e1cb731e2fa4f_00.dat,0.0092,0.0828,0.0921,92.09
03001627_f854fa8ee2fb6d715936c7265c890fef_00.dat,0.0094,0.0833,0.0927,92.70
04379243_f1f3021c1469c8e5610c2a68437007d6_00.dat,0.0091,0.0830,0.0921,92.08
02958343_d9e58ec3ad748aae2051f6248df99d19_00.dat,0.0084,0.0821,0.0904,90.43
02958343_d4cabc05adedfafb246e9f4a5ddaa288_00.dat,0.0087,0.0846,0.0933,93.31
04379243_d760cfad1855ef2d35f7fdc3c0cd22fe_00.dat,0.0089,0.0832,0.0921,92.07
04379243_d62417059f78e8e79d2be74cfb51ade1_00.dat,0.0083,0.0847,0.0930,92.97
03691459_d6f0a0ca6446eab0c0b5947ffe18a468_00.dat,0.0099,0.0819,0.0918,91.82
03691459_fd421313164e2d7f1be6fffd725195b9_00.dat,0.0093,0.0822,0.0915,91.50
02958343_f3b776ad13e88865cfc78902445ccff8_00.dat,0.0086,0.0836,0.0922,92.24
02691156_fb2204e98090448ebbf3143b1cb6076a_00.dat,0.0083,0.0845,0.0928,92.81
03691459_de41e90d949a21d6a41c66e27a37f014_00.dat,0.0094,0.0807,0.0901,90.07
03636649_f01cf64f05572ac4b509f4ddcfa8ca1_00.dat,0.0086,0.0812,0.0898,89.79
03691459_f156e32edfe185b76ac6c4392c71284b_00.dat,0.0085,0.0821,0.0907,90.66
03636649_e69b661bb90d7e9c9dcf2183c858e6e5_00.dat,0.0091,0.0838,0.0929,92.93
04379243_d58ea40d8a5c8c0c362f4098f2ea31b0_00.dat,0.0084,0.0829,0.0913,91.30
03691459_e796a74db4708efcf115c1f523ea8464_00.dat,0.0089,0.0824,0.0913,91.32
03636649_dca5ccbc65594b4fcb8d8c6d4df8143_00.dat,0.0085,0.0832,0.0917,91.66
03001627_d5bd619acad1bed3d2b12aa6a0f050b3_00.dat,0.0088,0.0845,0.0933,93.27
02958343_d0d6ed4d20e338fd3dfdd0a4b0d02ee6_00.dat,0.0088,0.0819,0.0907,90.70
02691156_f88be1c8e93fbfecba0d990ae229b477_00.dat,0.0083,0.0825,0.0907,90.74
03691459_c766463a3623d0ab8a0181490cb73cbc_00.dat,0.0087,0.0820,0.0907,90.68
04379243_d3624229f0310175658d908a2254f194_00.dat,0.0090,0.0843,0.0933,93.31
04379243_fccd86d2aa3c565334aff3344c00890c_00.dat,0.0095,0.0814,0.0908,90.84
03691459_e97a846820b094b8f439510dd98d9326_00.dat,0.0090,0.0817,0.0907,90.71
02691156_dbd0efc89242cc9318de900bee20377_00.dat,0.0085,0.0822,0.0907,90.72
04379243_dbf2123ee206a81b8b00eeaf68a1358_00.dat,0.0090,0.0831,0.0921,92.11
02958343_d036868bde5610cb79ac0edf81f73f6c_00.dat,0.0087,0.0825,0.0912,91.25
03636649_eb311e6232cb7011bb5bd941c6665c21_00.dat,0.0085,0.0848,0.0933,93.28
03001627_dc0bc65e9181c2f698eb62961a525575_00.dat,0.0096,0.0862,0.0958,95.85
03691459_ccffe9befaec2d1c4ffa46d1fcb77f51_00.dat,0.0089,0.0829,0.0918,91.82
04379243_dc49259a117af8f1d200faae04ce3f8_00.dat,0.0090,0.0866,0.0956,95.61
02958343_cf2424546ce3fc5f2c1bce2ae620392b_00.dat,0.0091,0.0832,0.0923,92.32
03636649_e9b1b74a44465b8b192ae1372f64f330_00.dat,0.0083,0.0859,0.0942,94.21
03001627_d30ecbe6cbe364e5c8687ff9b0b4e4ac_00.dat,0.0094,0.0833,0.0927,92.66
04379243_dab44e951363e187ed44d599900d391d_00.dat,0.0093,0.0839,0.0931,93.13
03636649_f38370fc4c112017a6e7138fdd58748_00.dat,0.0083,0.0825,0.0909,90.89
02691156_e8e1b765fdf5edfa14c19f41d007670e_00.dat,0.0086,0.0811,0.0897,89.68
03691459_ea944f309ec70895c9fff209a296912_00.dat,0.0088,0.0857,0.0945,94.53
02958343_fda43d663587c7a9caf180c847b8b75_00.dat,0.0093,0.0828,0.0921,92.11
03636649_da5db67a2385d5e8da9baff5f5368802_00.dat,0.0087,0.0815,0.0901,90.15
02958343_dc8aef6a8c88997a582e5e3e7771ea25_00.dat,0.0085,0.0831,0.0916,91.58
03001627_efa83c67ce47bfca304edcf7c4314468_00.dat,0.0085,0.0811,0.0896,89.60
03636649_e4c9bb21fe5bfeb3e21f078602e2eda8_00.dat,0.0091,0.0832,0.0923,92.31
03001627_e9a8bc335a7faf78f91663a74ccd2338_00.dat,0.0095,0.0823,0.0918,91.85
02691156_ed1d51ac367d0fa5f830b2dc9bf63133_00.dat,0.0092,0.0840,0.0932,93.21
04379243_fb7124d1ea2937f252219cd24638ae38_00.dat,0.0088,0.0864,0.0952,95.16
02958343_f76b9a9455b20cd875a45359f7e88a3d_00.dat,0.0090,0.0839,0.0929,92.89
02691156_ec531add757ad0fa9a51282fb89c35c1_00.dat,0.0092,0.0827,0.0920,91.95
02691156_f7f915160c0e1f6f42bc0eea174f82b_00.dat,0.0088,0.0822,0.0910,90.98
03691459_e1d8c419be35ee1e209a4a663fdfe000_00.dat,0.0087,0.0831,0.0918,91.80
03691459_e1385ebae6a7869d23a4cda08ffef080_00.dat,0.0086,0.0827,0.0913,91.27
03001627_d7b22da1174eade770bc652a18e29c3d_00.dat,0.0090,0.0836,0.0926,92.62
02691156_fcd7a8834a7f26f15069db69b8c1c70_00.dat,0.0082,0.0833,0.0915,91.50
04379243_e2e3f057399a2b41276b6f6d90ee3a83_00.dat,0.0088,0.0825,0.0913,91.30
02691156_fdb87fe46a2dd5ae148cecac5cfe1090_00.dat,0.0084,0.0802,0.0885,88.53
03636649_f69d3903096b6bb78ca4aeb5e3b33af7_00.dat,0.0092,0.0831,0.0923,92.26
03636649_e94273de8e52f9f896a3517f50eeb9f4_00.dat,0.0080,0.0855,0.0935,93.46
02691156_f144e93fe2a11c1f4c3a35cee92bb95b_00.dat,0.0091,0.0801,0.0892,89.20
02958343_eada833517294359a3f999fa1343e263_00.dat,0.0099,0.0831,0.0930,93.01
02958343_f2a990659efa05c5452d05118c2bf489_00.dat,0.0095,0.0830,0.0925,92.53
03691459_daa10595347937b9ae7dd8d7b134d1af_00.dat,0.0092,0.0866,0.0958,95.83
03001627_f0f04644e071d9348ca588a3264b9f86_00.dat,0.0084,0.0822,0.0907,90.69
02691156_ffc1b82bec23a50995b8d6bdd18d56e8_00.dat,0.0083,0.0802,0.0885,88.52
03636649_ff43ef647c75b5a4fcb8d8c6d4df8143_00.dat,0.0094,0.0845,0.0939,93.92
03636649_f41b9c3cb9243780dce4754e673446ce_00.dat,0.0085,0.0865,0.0949,94.94
03691459_f25cae5549e30302803f272bf12359d9_00.dat,0.0090,0.0811,0.0900,90.04
04379243_f2fee52b9098c13fdcfa6f33a3c5eb83_00.dat,0.0081,0.0825,0.0906,90.63
04379243_f6ec4343f78b94b42553cc33364504d5_00.dat,0.0085,0.0846,0.0931,93.08
03636649_d9f6bd064c9fd456fcb8d8c6d4df8143_00.dat,0.0090,0.0827,0.0917,91.73
03636649_fc8345dacde827e376e9713f57a5fcb6_00.dat,0.0086,0.0863,0.0949,94.92
04379243_debd11754f993031eef3a45c2f31a227_00.dat,0.0089,0.0824,0.0913,91.31
02691156_f592e88114a240cc61a8d3163a0a75a7_00.dat,0.0083,0.0825,0.0908,90.85
03001627_fb9f11f128e006d2498725b9a1405ebb_00.dat,0.0084,0.0831,0.0916,91.55
02691156_fd3a9743e16d35e51fc210a07910eb2_00.dat,0.0095,0.0827,0.0922,92.15
02958343_ed799c077fdf7dc47e5246097b57ccd_00.dat,0.0084,0.0862,0.0945,94.54
04379243_d268aa3ecf296572c0806ee26b689c99_00.dat,0.0091,0.0830,0.0921,92.09
03691459_e5c1a7e9bb2dd0d65a31d91ec836a511_00.dat,0.0094,0.0809,0.0903,90.33
02958343_d09f68be7e9e90989393793f9cf3dbea_00.dat,0.0083,0.0836,0.0919,91.91
02691156_fd425567d79a43d14f8a08a5e6b028e7_00.dat,0.0091,0.0832,0.0922,92.22
03691459_f4bb44c3b9a044ebaaa7694cf6c95b84_00.dat,0.0083,0.0833,0.0916,91.60
02958343_ced46f74119cdb36a7fc8832cd5fa42b_00.dat,0.0098,0.0825,0.0923,92.29
03691459_ec9938becbd706dc8dcc38f589890f0_00.dat,0.0084,0.0842,0.0926,92.64
04379243_ff49113c1bda893155c5c4533d35b323_00.dat,0.0100,0.0847,0.0946,94.63
02691156_ebe0d0bfa6ec36edd88eab18f1be033b_00.dat,0.0093,0.0827,0.0919,91.93
04379243_e17121f04e884edde480eba094ece03b_00.dat,0.0090,0.0842,0.0933,93.26
03691459_f4b733690a0fae8ff357e7c4167f3100_00.dat,0.0096,0.0814,0.0910,91.00
04379243_e29252434d37520ff008d8a3590fb522_00.dat,0.0088,0.0837,0.0925,92.53
03691459_d458f71eedc7146994fa1ea146084110_00.dat,0.0092,0.0838,0.0929,92.94
03001627_ef4f9cd2b498a10a614871b18a2b1957_00.dat,0.0083,0.0827,0.0910,91.01
02691156_e533a1a758a1752b187ea8c086d9f2c_00.dat,0.0090,0.0835,0.0924,92.45
03636649_ff08713d837d87edf2098a9f7fc86999_00.dat,0.0090,0.0847,0.0937,93.68
03636649_fa0a32c4326a42fef51f77a6d7299806_00.dat,0.0082,0.0809,0.0891,89.14
02958343_fd6c7ba9e81a5f7032a96978a804d13c_00.dat,0.0085,0.0836,0.0921,92.13
03636649_e6f2e77940fbc85a8e2d66cbf6a91063_00.dat,0.0083,0.0808,0.0891,89.06
03691459_e5012f54d03b863ecfd43bf63e641a70_00.dat,0.0087,0.0817,0.0904,90.39
04379243_e4947c9bc17eed10e54cb890e8682c84_00.dat,0.0082,0.0814,0.0896,89.55
03636649_fd2f5320fbfbc88a47c71c6d277c802d_00.dat,0.0082,0.0832,0.0915,91.45
02691156_ed73e946a138f3cfbc0909d98a1ff2b4_00.dat,0.0087,0.0818,0.0905,90.55
03691459_fcd642cc82a4417848db103415b9e9da_00.dat,0.0082,0.0858,0.0941,94.06
03636649_d00391a3bec2a9456a44fdd49dec8069_00.dat,0.0085,0.0808,0.0892,89.23
02691156_fbc7afa847c30a4c183bb3a05fac486f_00.dat,0.0089,0.0824,0.0913,91.31
02958343_ffbf897d9867fadff9a62a8acc9e8cfe_00.dat,0.0088,0.0836,0.0924,92.37
02691156_d722973c75c85d93d0734afa0d357999_00.dat,0.0091,0.0821,0.0911,91.15
04379243_f8f8ff7d9cfdd395765b19233e844344_00.dat,0.0087,0.0852,0.0939,93.89
02691156_db5146b7695fafba78d7c0e1adfe122c_00.dat,0.0083,0.0827,0.0911,91.07
03636649_fb4043f7fb8257d8578d107c71db28ac_00.dat,0.0092,0.0809,0.0901,90.09
03001627_f2f0f205af792d3d40332412c5d013fb_00.dat,0.0085,0.0850,0.0935,93.51
02691156_f6e6fd724a9eab24ba8e93696257b3fc_00.dat,0.0095,0.0837,0.0931,93.15
03691459_e51ccf3bb4413ceb61775b840d882da9_00.dat,0.0087,0.0884,0.0971,97.12
03691459_d4fa4988db7f2eb477818a0572bf1777_00.dat,0.0085,0.0812,0.0897,89.74
02958343_da0d62fcdd204adfde0d30276290c814_00.dat,0.0083,0.0832,0.0915,91.54
03636649_f2038cb9bb9438a6c790d7efcdfb5239_00.dat,0.0091,0.0828,0.0919,91.89
04379243_f9a9c8e70b6a2b31b20aa91e9e90c311_00.dat,0.0091,0.0851,0.0942,94.20
03001627_e4c866b5dd958cd0803d0f5bac2abe4c_00.dat,0.0087,0.0824,0.0912,91.19
03691459_f6954ca2e4c2b03c67b2ae8c967fcba0_00.dat,0.0091,0.0845,0.0936,93.56
03001627_f4b6bf9253918b52944d8f8e13d63fde_00.dat,0.0085,0.0811,0.0896,89.61
04379243_d120d47f8c9bc5028640bc5712201c4a_00.dat,0.0090,0.0840,0.0930,92.98
03001627_e807c535765fbbbab40f0ac0fb9a650d_00.dat,0.0083,0.0857,0.0940,93.99
04379243_e7f44c111fc65019e76bc197b3a3ffc0_00.dat,0.0096,0.0850,0.0946,94.65
03691459_cb3bc7b6610acb7d7f38a9bfed62447a_00.dat,0.0088,0.0833,0.0921,92.06
04379243_db3d26a5f2a99aec433eec73a2fff97a_00.dat,0.0096,0.0886,0.0982,98.19
02958343_dd9e4d7fe7c131816ca2b6e5474aad11_00.dat,0.0086,0.0821,0.0908,90.77
03691459_cc88df1c3cfac12a99db62650613bd48_00.dat,0.0091,0.0820,0.0911,91.07
02958343_ce6dfb4a733ceb58473f10e6caaeca56_00.dat,0.0086,0.0817,0.0903,90.29
04379243_d26f2c85a4aafa72db6f3ca49e992ad8_00.dat,0.0085,0.0858,0.0943,94.29
04379243_f622d7d6892fe02937251258858a7a58_00.dat,0.0085,0.0843,0.0928,92.79
02691156_ecd761d36abc0fb5250e498b1554a6f_00.dat,0.0082,0.0836,0.0918,91.84
02691156_ede14aa589c68280216b327569dd806e_00.dat,0.0085,0.0801,0.0886,88.60
04379243_fe4bcffc64838402684b7bc3f8a9aa55_00.dat,0.0087,0.0816,0.0904,90.37
02958343_d20990638711f55967bf54a1f364120_00.dat,0.0083,0.0815,0.0899,89.86
03001627_d23682341fc187a570732116fb5f6e1_00.dat,0.0090,0.0822,0.0912,91.21
03636649_ddb951343304bf1f351d9ca36f76b95_00.dat,0.0099,0.0830,0.0929,92.86
02691156_e58010dd5766e0ce78f081615c34707c_00.dat,0.0088,0.0834,0.0922,92.23
02691156_d9eaf9c7d58279dc9a6e43b878d5b335_00.dat,0.0086,0.0843,0.0929,92.89
03001627_fac321238dc8637eaa7cb30470f3273c_00.dat,0.0086,0.0802,0.0888,88.78
03636649_f12822778713f5e35b36bbc16e99b441_00.dat,0.0088,0.0809,0.0897,89.73
02691156_ff12c3a1d388b03044eedf822e07b7e4_00.dat,0.0092,0.0845,0.0937,93.67
03636649_f9b41c5ee5ce8b6fcb8d8c6d4df8143_00.dat,0.0086,0.0856,0.0942,94.24
03636649_e389b9eed612e5c225a454369d791fb0_00.dat,0.0101,0.0852,0.0953,95.31
03001627_ec25a41ca233ed096e5a467428553af2_00.dat,0.0090,0.0803,0.0893,89.34
03001627_ce474d7c415941acfebad4f49b26ec52_00.dat,0.0087,0.0824,0.0912,91.16
03691459_cefdbfba01e3128920363e2561dd589a_00.dat,0.0097,0.0820,0.0918,91.78
02958343_fdd3f02c294518341944f01d3ab2091b_00.dat,0.0090,0.0824,0.0914,91.39
02958343_d2776550e240c0d642fb51f57882f419_00.dat,0.0086,0.0844,0.0930,92.99
03001627_cca975f4a6a4d9e9614871b18a2b1957_00.dat,0.0089,0.0839,0.0928,92.77
02691156_dcbd333ef51b76862b600da24e0965_00.dat,0.0088,0.0850,0.0938,93.78
02958343_f06cf31bd73b21eb3fe51173866bb20_00.dat,0.0091,0.0816,0.0908,90.77
03636649_d00157a022079bdef3655a2ce983ab1f_00.dat,0.0088,0.0843,0.0931,93.09
04379243_f0c1fe7cfedf97e9b91b871e750ca615_00.dat,0.0093,0.0838,0.0932,93.17
03001627_e89c76bae2ce47bcf4b6538438a0b930_00.dat,0.0092,0.0808,0.0900,90.04
04379243_d6daf5eca30ca0965722577712723fd1_00.dat,0.0094,0.0810,0.0904,90.43
03636649_f40c7b19234b07c2c8687ff9b0b4e4ac_00.dat,0.0098,0.0849,0.0947,94.69
02691156_d54ca25127a15d2b937ae00fead8910d_00.dat,0.0087,0.0813,0.0900,90.02
02958343_d41e4e445bf37b8a731c9cafdec546c_00.dat,0.0087,0.0865,0.0951,95.11
02958343_e128a506f2e29a6796cceb824e3c56b0_00.dat,0.0091,0.0806,0.0897,89.72
04379243_f77643cf323921d7c6542d86974f9497_00.dat,0.0092,0.0859,0.0951,95.10
03691459_e911bf2418eae6241574d21c0c95092f_00.dat,0.0090,0.0828,0.0919,91.85
03001627_d9558dccfe8e3381e45ef4135c266a12_00.dat,0.0093,0.0820,0.0913,91.29
02958343_d6786ef05af6127d58e7058c5c570964_00.dat,0.0097,0.0828,0.0924,92.43
03691459_d8023575778364b035cd53a06b1d2317_00.dat,0.0093,0.0804,0.0898,89.76
02958343_d43d67170465fd4a4ce28f0f1b509eda_00.dat,0.0094,0.0853,0.0947,94.68
02691156_e36ce61195489a56c8da6d3458daff84_00.dat,0.0096,0.0824,0.0920,91.96
03001627_f83f1cbaf6c41a5db04cb542e2c50eb4_00.dat,0.0092,0.0843,0.0934,93.41
04379243_e7045bfa00de20a39a0d3e7e907e5b53_00.dat,0.0095,0.0823,0.0918,91.82
02958343_df34c25a1e1abe9428044fe9244db50a_00.dat,0.0085,0.0810,0.0896,89.56
03691459_e22ec5ee664f7c172a9eb0f146e94477_00.dat,0.0088,0.0842,0.0929,92.93
03691459_e8885d12901ed5aaa7d0cc9b15400f65_00.dat,0.0096,0.0815,0.0911,91.07
03001627_f5ef49d354efe6741cda53280488fc3f_00.dat,0.0094,0.0820,0.0913,91.32
04379243_d70877569d163235aece045e8bdac80f_00.dat,0.0094,0.0823,0.0916,91.64
04379243_f3efcbd9745da90619fb4103277a6b93_00.dat,0.0095,0.0826,0.0921,92.07
03636649_e86bed66672425464492223278b0e937_00.dat,0.0098,0.0809,0.0907,90.72
02958343_fe860c6a74a86905468bac13e007a6e9_00.dat,0.0114,0.0807,0.0921,92.07
02958343_f06053faa41414be2f20449572a3a77c_00.dat,0.0087,0.0812,0.0899,89.90
02958343_dd37570a8876c4a4a513de4eb79b310d_00.dat,0.0084,0.0861,0.0945,94.55
04379243_e13ea4661bd5e168e7fcbdad594ae05b_00.dat,0.0094,0.0837,0.0931,93.13
02691156_f97fa7329969bcd0ebf1d9fd44798b9b_00.dat,0.0088,0.0830,0.0918,91.81
02958343_f9e4bdf92a7efe4c50076f889f423cbb_00.dat,0.0092,0.0810,0.0902,90.18
02691156_ddd729a8623bcb6e8699933784576e73_00.dat,0.0090,0.0822,0.0912,91.21
02691156_f533dc37778c6f004c949161e83c47b5_00.dat,0.0094,0.0825,0.0919,91.91
02691156_f110a2ce31dee1b3c16ef5c633c71b56_00.dat,0.0089,0.0836,0.0925,92.46
03001627_d1c2afb3c53dc7c8c563fcc2752ece39_00.dat,0.0089,0.0832,0.0920,92.02
03636649_e1916a904163748e8cc413950b617e8f_00.dat,0.0103,0.0852,0.0954,95.41
03001627_e5d285ad477a33a27eaeab1f0c9120b7_00.dat,0.0096,0.0830,0.0926,92.61
02691156_e332fb3eb2c4016ec1f9d235878ff0a9_00.dat,0.0090,0.0830,0.0920,92.00
03691459_d6ad58677b397894224f9d60ad32613_00.dat,0.0084,0.0792,0.0876,87.58
03636649_e993492372fce761cb3a30f2c37c38a6_00.dat,0.0090,0.0822,0.0912,91.18
04379243_db454c99849016f8febad4f49b26ec52_00.dat,0.0086,0.0836,0.0922,92.22
04379243_fece36426ea77b92a7bfc1660a1e18f0_00.dat,0.0095,0.0849,0.0945,94.49
03636649_fea629edc206a49529fbb534b2045025_00.dat,0.0097,0.0819,0.0916,91.61
02691156_efbb9337b9bd3cab56ed1d365b05390d_00.dat,0.0087,0.0856,0.0943,94.30
03001627_d6075b23895c7d0880e85c92fa2351f7_00.dat,0.0090,0.0806,0.0896,89.64
03001627_fd5f6ed4a873c5ec300fe8666348bd38_00.dat,0.0089,0.0817,0.0907,90.65
03001627_eb04d1bffae6038c4c7384dbb75cab0d_00.dat,0.0088,0.0815,0.0904,90.39
04379243_e9a1325245afff7c405d9b5bb7b18be5_00.dat,0.0088,0.0822,0.0910,91.00
04379243_edf1d95e72479c4bbe13ce34aa7c0c1c_00.dat,0.0086,0.0826,0.0912,91.17
03001627_ffa6c1a509986a5676708f8dec712a28_00.dat,0.0084,0.0818,0.0902,90.18
03691459_f904f64f961e9cddcd3e44ab53ae1e92_00.dat,0.0087,0.0810,0.0897,89.71
